A&M-Corpus Christi,26172,2013,-,0,-,2011-12,-,-,-,-,-,-,-,-,-,-,-,-,-,-,-,-,-,-
Abilene Christian,2,2013,-,0,-,2011-12,-,-,-,-,-,-,-,-,-,-,-,-,-,-,-,-,-,-
Academy of Art,30123,2013,-,0,-,2011-12,-,-,-,-,-,-,-,-,-,-,-,-,-,-,-,-,-,-
Adams St.,929,2013,"Anderson, Brian",1206409,So.,2011-12,-,-,-,-,-,-,-,-,-,-,-,-,-,-,-,-,-,-
Adams St.,929,2013,"Arbid, Ramie",1325937,Fr.,2011-12,-,12,0,-,0,-,0,-,20,1.667,-,-,-,-,-,-,-,-
Adams St.,929,2013,"Barney, Matt",1206387,So.,2011-12,-,-,-,-,-,-,-,-,-,-,-,-,-,-,-,-,-,-
Adams St.,929,2013,"Barrella, Joey",1325941,Fr.,2011-12,-,8,0,-,0,-,0,-,0,-,-,-,-,-,-,-,-,-
Adams St.,929,2013,"Bass, Thomas",1325948,Fr.,2011-12,-,-,-,-,-,-,-,-,-,-,-,-,-,-,-,-,-,-
Adams St.,929,2013,"Beedle, John",1325923,Fr.,2011-12,-,11,2,0.182,1,0.091,3,0.273,1,0.091,-,-,-,-,-,-,-,-
Adams St.,929,2013,"Benally, Lawrence",1325945,Fr.,2011-12,-,8,0,-,0,-,0,-,7,0.875,-,-,-,-,-,-,-,-
Adams St.,929,2013,"Bertrand, Brian",1206392,So.,2011-12,-,12,2,0.167,4,0.333,6,0.500,6,0.500,-,-,-,-,-,-,-,-
Adams St.,929,2013,"Bertrand, Kevin",1206395,Jr.,2011-12,-,13,9,0.692,6,0.462,15,1.154,22,1.692,0,1,0.000,-,-,-,-,-
Adams St.,929,2013,"Bobo, Jamison",1325934,Fr.,2011-12,-,12,8,0.667,3,0.250,11,0.917,15,1.250,-,-,-,-,-,-,-,-
Adams St.,929,2013,"Brado, Jordan",1206390,Jr.,2011-12,-,7,0,-,0,-,0,-,2,0.286,-,-,-,-,-,-,-,-
Adams St.,929,2013,"Buescher, Jake",1325944,Fr.,2011-12,-,11,1,0.091,0,-,1,0.091,23,2.091,-,-,-,-,-,-,-,-
Adams St.,929,2013,"Bush, Tyler",1206410,So.,2011-12,-,-,-,-,-,-,-,-,-,-,-,-,-,-,-,-,-,-
Adams St.,929,2013,"Candlin, Tom",1325927,Fr.,2011-12,-,8,0,-,0,-,0,-,4,0.500,4,14,0.222,-,-,-,-,-
Adams St.,929,2013,"Chukwuka, Ike",1206411,So.,2011-12,-,-,-,-,-,-,-,-,-,-,-,-,-,-,-,-,-,-
Adams St.,929,2013,"Clifford, Johnnie",1325929,Fr.,2011-12,-,3,0,-,0,-,0,-,1,0.333,0,1,0.000,-,-,-,-,-
Adams St.,929,2013,"Coleman, Jarred",1325922,Fr.,2011-12,-,-,-,-,-,-,-,-,-,-,-,-,-,-,-,-,-,-
Adams St.,929,2013,"Cook, Kory",1206401,So.,2011-12,-,-,-,-,-,-,-,-,-,-,-,-,-,-,-,-,-,-
Adams St.,929,2013,"Cunningham, Chris",1206398,So.,2011-12,-,-,-,-,-,-,-,-,-,-,-,-,-,-,-,-,-,-
Adams St.,929,2013,"Damico, Anthony",1206402,So.,2011-12,-,13,15,1.154,15,1.154,30,2.308,37,2.846,-,-,-,-,-,-,-,-
Adams St.,929,2013,"Daufenbach, Andy",1325933,So.,2011-12,-,10,0,-,0,-,0,-,0,-,-,-,-,-,-,-,-,-
Adams St.,929,2013,"Emans, Robbie",1325935,Fr.,2011-12,-,9,0,-,0,-,0,-,1,0.111,-,-,-,-,-,-,-,-
Adams St.,929,2013,"Fernando, Ronnie",1206413,So.,2011-12,-,12,0,-,0,-,0,-,24,2.000,-,-,-,645:00,117,10.884,104,0.471
Adams St.,929,2013,"Gilmartin, Michael",1325947,Fr.,2011-12,-,1,0,-,0,-,0,-,0,-,-,-,-,-,-,-,-,-
Adams St.,929,2013,"Harned, Mitch",1325942,Fr.,2011-12,-,4,0,-,0,-,0,-,3,0.750,-,-,-,120:00,26,13.000,8,0.235
Adams St.,929,2013,"Hernandez, Adrian",1206408,So.,2011-12,-,-,-,-,-,-,-,-,-,-,-,-,-,-,-,-,-,-
Adams St.,929,2013,"Hollingsworth, Dexter",1325921,Fr.,2011-12,-,-,-,-,-,-,-,-,-,-,-,-,-,-,-,-,-,-
Adams St.,929,2013,"Horani, Omar",1325932,Fr.,2011-12,-,8,4,0.500,0,-,4,0.500,16,2.000,19,21,0.475,-,-,-,-,-
Adams St.,929,2013,"Howell, Kyle",1325930,So.,2011-12,-,-,-,-,-,-,-,-,-,-,-,-,-,-,-,-,-,-
Adams St.,929,2013,"Hunter, Dakota",1206406,So.,2011-12,-,-,-,-,-,-,-,-,-,-,-,-,-,-,-,-,-,-
Adams St.,929,2013,"Kerigan, Drew",1325925,Fr.,2011-12,-,1,0,-,0,-,0,-,1,1.000,-,-,-,-,-,-,-,-
Adams St.,929,2013,"Kern, Kyle",1325938,Fr.,2011-12,-,11,0,-,1,0.091,1,0.091,11,1.000,-,-,-,-,-,-,-,-
Adams St.,929,2013,"Kesson, Clint",1325940,So.,2011-12,-,-,-,-,-,-,-,-,-,-,-,-,-,-,-,-,-,-
Adams St.,929,2013,"Kingston, Adam",1206393,So.,2011-12,-,-,-,-,-,-,-,-,-,-,-,-,-,-,-,-,-,-
Adams St.,929,2013,"Lamb, Derek",1325949,Fr.,2011-12,-,1,0,-,0,-,0,-,0,-,-,-,-,15:00,7,28.000,2,0.222
Adams St.,929,2013,"Marquardson, Calvin",1325946,Fr.,2011-12,-,10,0,-,0,-,0,-,3,0.300,-,-,-,-,-,-,-,-
Adams St.,929,2013,"Martin, Kyle",1206389,So.,2011-12,-,13,0,-,0,-,0,-,8,0.615,-,-,-,-,-,-,-,-
Adams St.,929,2013,"McLaughlin, Conor",1325936,Fr.,2011-12,-,13,1,0.077,1,0.077,2,0.154,6,0.462,-,-,-,-,-,-,-,-
Adams St.,929,2013,"Miller, Chanson",1206391,So.,2011-12,-,-,-,-,-,-,-,-,-,-,-,-,-,-,-,-,-,-
Adams St.,929,2013,"Moberly, Jake",1325920,Fr.,2011-12,-,13,5,0.385,0,-,5,0.385,27,2.077,-,-,-,-,-,-,-,-
Adams St.,929,2013,"Neal, Johnny",1206396,So.,2011-12,-,12,2,0.167,0,-,2,0.167,33,2.750,-,-,-,-,-,-,-,-
Adams St.,929,2013,"Nelson, Brad",1325928,Fr.,2011-12,-,1,0,-,0,-,0,-,0,-,-,-,-,-,-,-,-,-
Adams St.,929,2013,"Pelletier, Bryden",1325918,So.,2011-12,-,12,19,1.583,3,0.250,22,1.833,15,1.250,-,-,-,-,-,-,-,-
Adams St.,929,2013,"Peterman, Josh",1325917,Fr.,2011-12,-,13,16,1.231,3,0.231,19,1.462,13,1.000,-,-,-,-,-,-,-,-
Adams St.,929,2013,"Piper, Mac",1206388,So.,2011-12,-,7,0,-,0,-,0,-,2,0.286,-,-,-,-,-,-,-,-
Adams St.,929,2013,"Post, Rob",1206412,So.,2011-12,-,-,-,-,-,-,-,-,-,-,-,-,-,-,-,-,-,-
Adams St.,929,2013,"Ruffin, Chris",1206394,So.,2011-12,-,-,-,-,-,-,-,-,-,-,-,-,-,-,-,-,-,-
Adams St.,929,2013,"Santamaria, Michael",1206404,So.,2011-12,-,-,-,-,-,-,-,-,-,-,-,-,-,-,-,-,-,-
Adams St.,929,2013,"Santamaria, Peter",1206399,So.,2011-12,-,-,-,-,-,-,-,-,-,-,-,-,-,-,-,-,-,-
Adams St.,929,2013,"Sartori, David",1325915,Fr.,2011-12,-,9,1,0.111,1,0.111,2,0.222,2,0.222,-,-,-,-,-,-,-,-
Adams St.,929,2013,"Scally, Kenny",1206407,Sr.,2011-12,-,6,0,-,0,-,0,-,2,0.333,-,-,-,-,-,-,-,-
Adams St.,929,2013,"Skattum, Jason",1206405,So.,2011-12,-,-,-,-,-,-,-,-,-,-,-,-,-,-,-,-,-,-
Adams St.,929,2013,"Smith, Parker",1325926,Fr.,2011-12,-,13,8,0.615,1,0.077,9,0.692,15,1.154,-,-,-,-,-,-,-,-
Adams St.,929,2013,"Steinhauer, John",1325916,Fr.,2011-12,-,1,0,-,0,-,0,-,0,-,-,-,-,-,-,-,-,-
Adams St.,929,2013,"Stillwagon, Jordan",1206403,So.,2011-12,-,13,2,0.154,0,-,2,0.154,64,4.923,-,-,-,-,-,-,-,-
Adams St.,929,2013,"Stowell, Seth",1325943,Fr.,2011-12,-,8,1,0.125,1,0.125,2,0.250,4,0.500,-,-,-,-,-,-,-,-
Adams St.,929,2013,"Tanner, Trevor",1325919,Fr.,2011-12,-,-,-,-,-,-,-,-,-,-,-,-,-,-,-,-,-,-
Adams St.,929,2013,"Thompson, Trevis",1325939,Fr.,2011-12,-,9,2,0.222,3,0.333,5,0.556,5,0.556,-,-,-,-,-,-,-,-
Adams St.,929,2013,"Thompson, Scottie",1325931,So.,2011-12,-,-,-,-,-,-,-,-,-,-,-,-,-,-,-,-,-,-
Adams St.,929,2013,"Willner, Anthony",1206400,So.,2011-12,-,13,5,0.385,2,0.154,7,0.538,49,3.769,77,98,0.440,-,-,-,-,-
Adams St.,929,2013,"Winters, Garrett",1325924,Fr.,2011-12,-,11,0,-,0,-,0,-,27,2.455,22,35,0.386,-,-,-,-,-
Adelphi,3,2013,"Aiello, Timothy",1198880,Sr.,2011-12,-,13,10,0.769,1,0.077,11,0.846,6,0.462,-,-,-,-,-,-,-,-
Adelphi,3,2013,"Alestra, Vincent",1193237,So.,2011-12,-,16,0,-,0,-,0,-,13,0.813,-,-,-,-,-,-,-,-
Adelphi,3,2013,"Bennardo, Adian",1097743,Jr.,2011-12,-,10,0,-,0,-,0,-,3,0.300,-,-,-,171:54,18,6.283,36,0.667
Adelphi,3,2013,"Blau, Danny",989469,Sr.,2011-12,-,15,22,1.467,22,1.467,44,2.933,46,3.067,0,1,0.000,-,-,-,-,-
Adelphi,3,2013,"Brisset, Tanner",1303339,Fr.,2011-12,-,7,0,-,0,-,0,-,5,0.714,-,-,-,-,-,-,-,-
Adelphi,3,2013,"Caponi, Anthony",1097746,Sr.,2011-12,-,13,4,0.308,1,0.077,5,0.385,4,0.308,-,-,-,-,-,-,-,-
Adelphi,3,2013,"Carney, Brian",1193238,So.,2011-12,-,7,0,-,0,-,0,-,7,1.000,-,-,-,-,-,-,-,-
Adelphi,3,2013,"Carney, John",1316213,So.,2011-12,-,1,0,-,0,-,0,-,0,-,-,-,-,-,-,-,-,-
Adelphi,3,2013,"Celano, Joe",1323081,Jr.,2011-12,-,16,27,1.688,5,0.313,32,2.000,29,1.813,-,-,-,-,-,-,-,-
Adelphi,3,2013,"Coiro, Vinny",1303340,Jr.,2011-12,-,12,5,0.417,1,0.083,6,0.500,4,0.333,-,-,-,-,-,-,-,-
Adelphi,3,2013,"Colon, Matt",1303341,Sr.,2011-12,-,4,0,-,0,-,0,-,0,-,-,-,-,-,-,-,-,-
Adelphi,3,2013,"Fundus, Ken",1193240,So.,2011-12,-,16,2,0.125,1,0.063,3,0.188,48,3.000,1,0,1.000,-,-,-,-,-
Adelphi,3,2013,"Hall, Bryan",1193241,Sr.,2011-12,-,11,6,0.545,4,0.364,10,0.909,11,1.000,-,-,-,-,-,-,-,-
Adelphi,3,2013,"Iorio, Mike",1097760,Sr.,2011-12,-,3,1,0.333,0,-,1,0.333,2,0.667,-,-,-,-,-,-,-,-
Adelphi,3,2013,"Janssen, Eric",1001093,Sr.,2011-12,-,16,0,-,0,-,0,-,32,2.000,-,-,-,760:01,77,6.079,129,0.626
Adelphi,3,2013,"Kennedy, Kevin",1097768,Jr.,2011-12,-,16,13,0.813,6,0.375,19,1.188,49,3.063,0,3,0.000,-,-,-,-,-
Adelphi,3,2013,"Maroney, James",1303350,Jr.,2011-12,-,9,0,-,0,-,0,-,9,1.000,-,-,-,-,-,-,-,-
Adelphi,3,2013,"Marx, Wayne",1193243,So.,2011-12,-,16,0,-,0,-,0,-,7,0.438,-,-,-,-,-,-,-,-
Adelphi,3,2013,"Massaro, Nicholas",1193244,So.,2011-12,-,3,0,-,0,-,0,-,2,0.667,-,-,-,-,-,-,-,-
Adelphi,3,2013,"McAndrew, Jamie",1303351,Fr.,2011-12,-,14,8,0.571,0,-,8,0.571,14,1.000,-,-,-,-,-,-,-,-
Adelphi,3,2013,"McCann, Kevin",1097771,Jr.,2011-12,-,4,0,-,0,-,0,-,1,0.250,-,-,-,-,-,-,-,-
Adelphi,3,2013,"McCann, Connor",1097770,Jr.,2011-12,-,2,0,-,0,-,0,-,0,-,-,-,-,-,-,-,-,-
Adelphi,3,2013,"McDermott, Keith",1193245,So.,2011-12,-,6,0,-,0,-,0,-,0,-,-,-,-,28:05,2,4.273,6,0.750
Adelphi,3,2013,"McGrath, John",1303352,Fr.,2011-12,-,1,0,-,0,-,0,-,0,-,-,-,-,-,-,-,-,-
Adelphi,3,2013,"McNeely, Bryce",1303353,Fr.,2011-12,-,8,0,-,0,-,0,-,5,0.625,-,-,-,-,-,-,-,-
Adelphi,3,2013,"Melsopp, Jeff",1097772,Jr.,2011-12,-,16,2,0.125,5,0.313,7,0.438,36,2.250,-,-,-,-,-,-,-,-
Adelphi,3,2013,"Olson, Nick",1303354,Fr.,2011-12,-,14,5,0.357,0,-,5,0.357,6,0.429,-,-,-,-,-,-,-,-
Adelphi,3,2013,"Oswald, Matt",1303355,Fr.,2011-12,-,7,0,-,1,0.143,1,0.143,8,1.143,-,-,-,-,-,-,-,-
Adelphi,3,2013,"Puskuldjian, Greg",1193248,So.,2011-12,-,15,6,0.400,5,0.333,11,0.733,84,5.600,145,60,0.707,-,-,-,-,-
Adelphi,3,2013,"Quednau, Doug",1193249,Sr.,2011-12,-,15,10,0.667,5,0.333,15,1.000,17,1.133,1,0,1.000,-,-,-,-,-
Adelphi,3,2013,"Raum, George",1303356,Fr.,2011-12,-,1,0,-,0,-,0,-,0,-,-,-,-,-,-,-,-,-
Adelphi,3,2013,"Riegel, Kieran",1193250,Sr.,2011-12,-,16,17,1.063,4,0.250,21,1.313,15,0.938,-,-,-,-,-,-,-,-
Adelphi,3,2013,"Rossi, Michael",1097773,Jr.,2011-12,-,15,13,0.867,24,1.600,37,2.467,17,1.133,0,1,0.000,-,-,-,-,-
Adelphi,3,2013,"Scavetta, Peter",1303365,Fr.,2011-12,-,2,0,-,0,-,0,-,0,-,-,-,-,-,-,-,-,-
Adelphi,3,2013,"Sciara, Joseph",1303366,Fr.,2011-12,-,16,1,0.063,1,0.063,2,0.125,40,2.500,21,17,0.553,-,-,-,-,-
Adelphi,3,2013,"Seelinger, Ryan",1303368,Fr.,2011-12,-,11,0,-,0,-,0,-,5,0.455,-,-,-,-,-,-,-,-
Adelphi,3,2013,"Stein, Richard",1316212,Fr.,2011-12,-,7,0,-,0,-,0,-,1,0.143,13,10,0.565,-,-,-,-,-
Adelphi,3,2013,"Tardalo, Anthony",1303372,Fr.,2011-12,-,-,-,-,-,-,-,-,-,-,-,-,-,-,-,-,-,-
Adelphi,3,2013,"Vitale, Joe",989476,Sr.,2011-12,-,16,39,2.438,27,1.688,66,4.125,30,1.875,-,-,-,-,-,-,-,-
Adelphi,3,2013,"Wahl, Kevin",1303373,Fr.,2011-12,-,5,0,-,0,-,0,-,0,-,-,-,-,-,-,-,-,-
Adelphi,3,2013,"Worker, Kenneth",1303374,Jr.,2011-12,-,13,1,0.077,1,0.077,2,0.154,19,1.462,34,29,0.540,-,-,-,-,-
Adelphi,3,2013,"Wynn, Shane",1193253,Sr.,2011-12,-,16,12,0.750,5,0.313,17,1.063,26,1.625,8,8,0.500,-,-,-,-,-
Adrian,4,2013,"Adamson, Coady",1321457,Jr.,2011-12,-,19,43,2.263,21,1.105,64,3.368,14,0.737,-,-,-,-,-,-,-,-
Adrian,4,2013,"Aldini, Lido",1199956,So.,2011-12,-,17,0,-,0,-,0,-,23,1.353,-,-,-,-,-,-,-,-
Adrian,4,2013,"Barnard, Mitch",1087489,Sr.,2011-12,-,19,16,0.842,7,0.368,23,1.211,146,7.684,223,109,0.672,-,-,-,-,-
Adrian,4,2013,"Boyd, Doug",1321458,Fr.,2011-12,-,14,2,0.143,3,0.214,5,0.357,12,0.857,-,-,-,-,-,-,-,-
Adrian,4,2013,"Burgin, Mitch",1321464,Fr.,2011-12,-,10,5,0.500,1,0.100,6,0.600,9,0.900,-,-,-,-,-,-,-,-
Adrian,4,2013,"Burke, Andy",1199957,So.,2011-12,-,7,0,-,0,-,0,-,8,1.143,27,27,0.500,-,-,-,-,-
Adrian,4,2013,"Colvin, Zac",1321454,Sr.,2011-12,-,16,0,-,0,-,0,-,29,1.813,-,-,-,-,-,-,-,-
Adrian,4,2013,"Cook, T.J.",989226,Sr.,2011-12,-,19,44,2.316,16,0.842,60,3.158,22,1.158,-,-,-,-,-,-,-,-
Adrian,4,2013,"Cook, Chase",1087481,Jr.,2011-12,-,16,0,-,0,-,0,-,9,0.563,-,-,-,-,-,-,-,-
Adrian,4,2013,"Dailey-Chwalibog, Drake",1199958,So.,2011-12,-,14,3,0.214,0,-,3,0.214,12,0.857,-,-,-,-,-,-,-,-
Adrian,4,2013,"Frontczak, Nicholas",1199959,So.,2011-12,-,16,0,-,3,0.188,3,0.188,31,1.938,-,-,-,-,-,-,-,-
Adrian,4,2013,"Hamilton, Matthew",1087488,Jr.,2011-12,-,18,1,0.056,2,0.111,3,0.167,17,0.944,15,34,0.306,-,-,-,-,-
Adrian,4,2013,"Higgins, Brad",989217,Sr.,2011-12,-,19,5,0.263,10,0.526,15,0.789,18,0.947,-,-,-,-,-,-,-,-
Adrian,4,2013,"Hoggarth, Kyle",1321459,Fr.,2011-12,-,2,0,-,0,-,0,-,0,-,-,-,-,-,-,-,-,-
Adrian,4,2013,"Hudzinski, John",1087478,Jr.,2011-12,-,19,38,2.000,9,0.474,47,2.474,31,1.632,-,-,-,-,-,-,-,-
Adrian,4,2013,"Joeseph, Tyler",1321463,Fr.,2011-12,-,6,3,0.500,1,0.167,4,0.667,1,0.167,-,-,-,-,-,-,-,-
Adrian,4,2013,"Kilcoyne, Cody",1321460,So.,2011-12,-,19,26,1.368,20,1.053,46,2.421,30,1.579,-,-,-,-,-,-,-,-
Adrian,4,2013,"Krystiniak, Scott",989234,Sr.,2011-12,-,17,5,0.294,4,0.235,9,0.529,13,0.765,1,1,0.500,-,-,-,-,-
Adrian,4,2013,"Lerg, Kevin",1199961,So.,2011-12,-,19,0,-,0,-,0,-,26,1.368,-,-,-,17:00,111,6.529,168,0.602
Adrian,4,2013,"MacDonald, Brandon",1087486,Jr.,2011-12,-,18,0,-,0,-,0,-,47,2.611,-,-,-,-,-,-,-,-
Adrian,4,2013,"Momon, Ben",1321462,So.,2011-12,-,9,1,0.111,0,-,1,0.111,5,0.556,-,-,-,-,-,-,-,-
Adrian,4,2013,"Monroe, David",989216,Sr.,2011-12,-,19,31,1.632,37,1.947,68,3.579,26,1.368,-,-,-,-,-,-,-,-
Adrian,4,2013,"Neal, Matthew",1199963,So.,2011-12,-,5,0,-,0,-,0,-,6,1.200,-,-,-,2:11,11,5.038,23,0.676
Adrian,4,2013,"Parnham, Brandon",1321461,Fr.,2011-12,-,6,0,-,0,-,0,-,5,0.833,-,-,-,-,-,-,-,-
Adrian,4,2013,"Rosetter, Marcus",1321456,Fr.,2011-12,-,18,0,-,2,0.111,2,0.111,21,1.167,-,-,-,-,-,-,-,-
Adrian,4,2013,"Smith, A.J.",1321455,Fr.,2011-12,-,14,4,0.286,5,0.357,9,0.643,9,0.643,-,-,-,-,-,-,-,-
Adrian,4,2013,"Smith, Alex",1199964,So.,2011-12,-,8,0,-,0,-,0,-,4,0.500,-,-,-,-,-,-,-,-
Adrian,4,2013,"Sullivan, Brian",1321443,Fr.,2011-12,-,8,4,0.500,3,0.375,7,0.875,6,0.750,-,-,-,-,-,-,-,-
Adrian,4,2013,"Szypa, Josh",1199965,So.,2011-12,-,-,-,-,-,-,-,-,-,-,-,-,-,-,-,-,-,-
Adrian,4,2013,"Tanguay, Tyler",989222,Sr.,2011-12,-,14,13,0.929,14,1.000,27,1.929,34,2.429,-,-,-,-,-,-,-,-
Adrian,4,2013,"Thielman, Tom",1199979,So.,2011-12,-,17,7,0.412,4,0.235,11,0.647,4,0.235,-,-,-,-,-,-,-,-
Adrian,4,2013,"Ulfig, Jeff",1087482,Jr.,2011-12,-,11,0,-,0,-,0,-,4,0.364,-,-,-,-,-,-,-,-
Agnes Scott,11324,2013,-,0,-,2011-12,-,-,-,-,-,-,-,-,-,-,-,-,-,-,-,-,-,-
Air Force,721,2013,"Boyle, Joe",1095930,Sr.,2011-12,-,3,0,-,0,-,0,-,0,-,-,-,-,-,-,-,-,-
Air Force,721,2013,"Burgess, Tom",1313067,Fr.,2011-12,-,13,9,0.692,2,0.154,11,0.846,7,0.538,-,-,-,-,-,-,-,-
Air Force,721,2013,"Burke, James",1313068,Fr.,2011-12,-,10,2,0.200,0,-,2,0.200,4,0.400,2,4,0.333,-,-,-,-,-
Air Force,721,2013,"Cassady, Kyle",1194898,So.,2011-12,-,13,11,0.846,8,0.615,19,1.462,15,1.154,-,-,-,-,-,-,-,-
Air Force,721,2013,"Crampton, Mike",1194904,So.,2011-12,-,13,29,2.231,5,0.385,34,2.615,30,2.308,-,-,-,-,-,-,-,-
Air Force,721,2013,"Curran, Michael",1194909,So.,2011-12,-,11,6,0.545,0,-,6,0.545,9,0.818,-,-,-,-,-,-,-,-
Air Force,721,2013,"De Pol, Ryland",1313069,Fr.,2011-12,-,13,10,0.769,2,0.154,12,0.923,4,0.308,-,-,-,-,-,-,-,-
Air Force,721,2013,"DeBonis, John",986058,Sr.,2011-12,-,13,0,-,0,-,0,-,11,0.846,0,2,0.000,-,-,-,-,-
Air Force,721,2013,"Dolan, Kevin",1194917,So.,2011-12,-,5,0,-,0,-,0,-,2,0.400,8,9,0.471,-,-,-,-,-
Air Force,721,2013,"Dreyer, Keith",1313070,Fr.,2011-12,-,13,19,1.462,27,2.077,46,3.538,18,1.385,-,-,-,-,-,-,-,-
Air Force,721,2013,"Fox, Austin",1085436,Jr.,2011-12,-,13,0,-,0,-,0,-,20,1.538,-,-,-,665:51,117,10.543,115,0.496
Air Force,721,2013,"Gilbreath, Dayton",986051,Sr.,2011-12,-,13,1,0.077,0,-,1,0.077,32,2.462,1,2,0.333,-,-,-,-,-
Air Force,721,2013,"Gunter, Davis",1313071,Fr.,2011-12,-,13,0,-,0,-,0,-,21,1.615,-,-,-,-,-,-,-,-
Air Force,721,2013,"Hachtel, Adam",1194913,So.,2011-12,-,-,-,-,-,-,-,-,-,-,-,-,-,-,-,-,-,-
Air Force,721,2013,"Hanley, Taylor",1194899,So.,2011-12,-,13,0,-,0,-,0,-,7,0.538,-,-,-,-,-,-,-,-
Air Force,721,2013,"Harris, Tom",1194903,So.,2011-12,-,13,0,-,1,0.077,1,0.077,14,1.077,-,-,-,-,-,-,-,-
Air Force,721,2013,"Harrison, Pat",1194925,Jr.,2011-12,-,9,7,0.778,5,0.556,12,1.333,3,0.333,-,-,-,-,-,-,-,-
Air Force,721,2013,"Hewitson, Scott",1194908,So.,2011-12,-,4,1,0.250,0,-,1,0.250,3,0.750,-,-,-,-,-,-,-,-
Air Force,721,2013,"Hogan, Conor",1085452,Jr.,2011-12,-,4,1,0.250,0,-,1,0.250,0,-,-,-,-,-,-,-,-,-
Air Force,721,2013,"Hruby, Nate",1313072,Fr.,2011-12,-,11,1,0.091,1,0.091,2,0.182,3,0.273,-,-,-,-,-,-,-,-
Air Force,721,2013,"Jackson, Parker",1313073,Fr.,2011-12,-,5,0,-,0,-,0,-,2,0.400,-,-,-,-,-,-,-,-
Air Force,721,2013,"Kauth, Alex",1194922,Jr.,2011-12,-,3,0,-,0,-,0,-,1,0.333,-,-,-,-,-,-,-,-
Air Force,721,2013,"Kazar, Jacob",1313074,Fr.,2011-12,-,1,0,-,0,-,0,-,0,-,-,-,-,-,-,-,-,-
Air Force,721,2013,"Kober, Alex",1313075,Fr.,2011-12,-,4,0,-,0,-,0,-,1,0.250,-,-,-,-,-,-,-,-
Air Force,721,2013,"Krzyminski, John",1194915,Sr.,2011-12,-,4,0,-,0,-,0,-,0,-,-,-,-,-,-,-,-,-
Air Force,721,2013,"Kuhn, Warren",1313076,Fr.,2011-12,-,1,0,-,0,-,0,-,0,-,-,-,-,-,-,-,-,-
Air Force,721,2013,"Leary, Dylan",1194900,So.,2011-12,-,4,0,-,0,-,0,-,2,0.500,4,7,0.364,-,-,-,-,-
Air Force,721,2013,"Lenke, Erik",1194923,So.,2011-12,-,1,0,-,0,-,0,-,0,-,-,-,-,-,-,-,-,-
Air Force,721,2013,"Martin, Franklin",1194901,So.,2011-12,-,3,0,-,0,-,0,-,1,0.333,-,-,-,-,-,-,-,-
Air Force,721,2013,"McKee, Tommy",1194902,So.,2011-12,-,13,23,1.769,7,0.538,30,2.308,19,1.462,-,-,-,-,-,-,-,-
Air Force,721,2013,"Nazarek, Kyle",1085440,Jr.,2011-12,-,8,0,-,0,-,0,-,4,0.500,-,-,-,-,-,-,-,-
Air Force,721,2013,"O'Brien, Kyle",1313077,Fr.,2011-12,-,13,3,0.231,6,0.462,9,0.692,50,3.846,-,-,-,-,-,-,-,-
Air Force,721,2013,"Paranka, Adam",986052,Sr.,2011-12,-,13,5,0.385,2,0.154,7,0.538,1,0.077,-,-,-,-,-,-,-,-
Air Force,721,2013,"Phillips, Nick",1313078,Fr.,2011-12,-,2,0,-,0,-,0,-,0,-,-,-,-,-,-,-,-,-
Air Force,721,2013,"Price, Bryan",1322917,So.,2011-12,-,12,0,-,2,0.167,2,0.167,40,3.333,83,79,0.512,-,-,-,-,-
Air Force,721,2013,"Puleo, Matt",1194921,So.,2011-12,-,13,0,-,0,-,0,-,17,1.308,-,-,-,-,-,-,-,-
Air Force,721,2013,"Sanders, Matt",986053,Sr.,2011-12,-,7,0,-,0,-,0,-,0,-,-,-,-,114:16,12,6.301,14,0.538
Air Force,721,2013,"Sapp, Richie",1313079,Fr.,2011-12,-,4,1,0.250,3,0.750,4,1.000,0,-,-,-,-,-,-,-,-,-
Air Force,721,2013,"Schonfeld, Dan",1085451,Jr.,2011-12,-,6,0,-,0,-,0,-,2,0.333,-,-,-,-,-,-,-,-
Air Force,721,2013,"Scott, Matt",1194919,So.,2011-12,-,6,0,-,1,0.167,1,0.167,3,0.500,-,-,-,-,-,-,-,-
Air Force,721,2013,"Selby, Matthew",986054,Sr.,2011-12,-,3,0,-,0,-,0,-,0,-,-,-,-,-,-,-,-,-
Air Force,721,2013,"Smith, Erik",1194911,So.,2011-12,-,13,8,0.615,12,0.923,20,1.538,49,3.769,58,60,0.492,-,-,-,-,-
Air Force,721,2013,"Spiotta, Tommy",1313080,Fr.,2011-12,-,3,0,-,0,-,0,-,0,-,-,-,-,-,-,-,-,-
Air Force,721,2013,"Tulley, Zach",1085446,Jr.,2011-12,-,2,0,-,0,-,0,-,0,-,-,-,-,-,-,-,-,-
Air Force,721,2013,"Voss, Tim",1313081,Fr.,2011-12,-,1,0,-,0,-,0,-,1,1.000,-,-,-,-,-,-,-,-
Air Force,721,2013,"Walker, Marcus",1194910,So.,2011-12,-,12,5,0.417,4,0.333,9,0.750,1,0.083,-,-,-,-,-,-,-,-
Air Force,721,2013,"White, AJ",1313082,Fr.,2011-12,-,9,0,-,1,0.111,1,0.111,8,0.889,-,-,-,-,-,-,-,-
Akron,5,2013,-,0,-,2011-12,-,-,-,-,-,-,-,-,-,-,-,-,-,-,-,-,-,-
Ala.-Huntsville,10,2013,-,0,-,2011-12,-,-,-,-,-,-,-,-,-,-,-,-,-,-,-,-,-,-
Alabama,8,2013,-,0,-,2011-12,-,-,-,-,-,-,-,-,-,-,-,-,-,-,-,-,-,-
Alabama A&M,6,2013,-,0,-,2011-12,-,-,-,-,-,-,-,-,-,-,-,-,-,-,-,-,-,-
Alabama St.,7,2013,-,0,-,2011-12,-,-,-,-,-,-,-,-,-,-,-,-,-,-,-,-,-,-
Alas. Anchorage,11,2013,-,0,-,2011-12,-,-,-,-,-,-,-,-,-,-,-,-,-,-,-,-,-,-
Alas. Fairbanks,12,2013,-,0,-,2011-12,-,-,-,-,-,-,-,-,-,-,-,-,-,-,-,-,-,-
Albany (NY),14,2013,"Baker, Daley",982681,Sr.,2011-12,-,16,2,0.125,0,-,2,0.125,14,0.875,-,-,-,-,-,-,-,-
Albany (NY),14,2013,"Behling, Tony",873413,Sr.,2011-12,-,-,-,-,-,-,-,-,-,-,-,-,-,-,-,-,-,-
Albany (NY),14,2013,"Bertrams, Matthew",1322936,Fr.,2011-12,-,14,3,0.214,0,-,3,0.214,5,0.357,-,-,-,-,-,-,-,-
Albany (NY),14,2013,"Bonitatibus, Rocky",982678,Sr.,2011-12,-,16,5,0.313,17,1.063,22,1.375,17,1.063,-,-,-,-,-,-,-,-
Albany (NY),14,2013,"Cantor, Eric",1322938,Fr.,2011-12,-,10,1,0.100,0,-,1,0.100,15,1.500,1,0,1.000,-,-,-,-,-
Albany (NY),14,2013,"Carroll, John",982685,Sr.,2011-12,-,7,0,-,0,-,0,-,9,1.286,-,-,-,351:00,82,14.017,51,0.383
Albany (NY),14,2013,"Cathers, Edmund",1199574,So.,2011-12,-,-,-,-,-,-,-,-,-,-,-,-,-,-,-,-,-,-
Albany (NY),14,2013,"Cox, Tim",1322916,Fr.,2011-12,-,8,0,-,0,-,0,-,0,-,-,-,-,-,-,-,-,-
Albany (NY),14,2013,"Cushing, Matt",982689,Sr.,2011-12,-,9,0,-,0,-,0,-,9,1.000,14,33,0.298,-,-,-,-,-
Albany (NY),14,2013,"Eccles, Derrick",1322915,Fr.,2011-12,-,1,0,-,0,-,0,-,0,-,-,-,-,-,-,-,-,-
Albany (NY),14,2013,"Eich, Doug",1199575,So.,2011-12,-,15,0,-,1,0.067,1,0.067,12,0.800,0,2,0.000,-,-,-,-,-
Albany (NY),14,2013,"Fahey, Tyler",1322952,Fr.,2011-12,-,-,-,-,-,-,-,-,-,-,-,-,-,-,-,-,-,-
Albany (NY),14,2013,"Feuerstein, Ryan",1199576,So.,2011-12,-,14,2,0.143,0,-,2,0.143,10,0.714,-,-,-,-,-,-,-,-
Albany (NY),14,2013,"Fuller, Will",1091771,Jr.,2011-12,-,12,6,0.500,1,0.083,7,0.583,2,0.167,-,-,-,-,-,-,-,-
Albany (NY),14,2013,"Futia, Cody",1199577,So.,2011-12,-,14,0,-,0,-,0,-,15,1.071,-,-,-,-,-,-,-,-
Albany (NY),14,2013,"Garziano, Matt",1322939,Fr.,2011-12,-,14,0,-,1,0.071,1,0.071,9,0.643,1,1,0.500,-,-,-,-,-
Albany (NY),14,2013,"Glueckert, Kevin",1091781,So.,2011-12,-,3,0,-,0,-,0,-,1,0.333,1,5,0.167,-,-,-,-,-
Albany (NY),14,2013,"Harris, Kevin",1322935,Fr.,2011-12,-,9,0,-,2,0.222,2,0.222,3,0.333,17,26,0.395,-,-,-,-,-
Albany (NY),14,2013,"Haugen, Jimmy",1091773,Jr.,2011-12,-,3,0,-,0,-,0,-,0,-,-,-,-,-,-,-,-,-
Albany (NY),14,2013,"Hemrick, Kyle",1199578,Jr.,2011-12,-,-,-,-,-,-,-,-,-,-,-,-,-,-,-,-,-,-
Albany (NY),14,2013,"Huber, Max",1322937,Fr.,2011-12,-,12,0,-,0,-,0,-,25,2.083,-,-,-,611:58,125,12.256,89,0.416
Albany (NY),14,2013,"Huber, Jack",1199579,So.,2011-12,-,-,-,-,-,-,-,-,-,-,-,-,-,-,-,-,-,-
Albany (NY),14,2013,"Leahy, Sam",1322940,Fr.,2011-12,-,2,0,-,0,-,0,-,1,0.500,-,-,-,-,-,-,-,-
Albany (NY),14,2013,"Lyons, Travis",982688,Sr.,2011-12,-,16,0,-,5,0.313,5,0.313,38,2.375,-,-,-,-,-,-,-,-
Albany (NY),14,2013,"Mackenzie, Matt",1091772,Jr.,2011-12,-,15,1,0.067,0,-,1,0.067,9,0.600,5,9,0.357,-,-,-,-,-
Albany (NY),14,2013,"Marrapese, Artie",1199580,Jr.,2011-12,-,1,0,-,0,-,0,-,0,-,-,-,-,-,-,-,-,-
Albany (NY),14,2013,"Miller, Mike",1322918,Fr.,2011-12,-,16,1,0.063,4,0.250,5,0.313,18,1.125,1,0,1.000,-,-,-,-,-
Albany (NY),14,2013,"Moran, Mike",1199581,Sr.,2011-12,-,-,-,-,-,-,-,-,-,-,-,-,-,-,-,-,-,-
Albany (NY),14,2013,"Murphy, Brendan",1199582,Sr.,2011-12,-,2,0,-,0,-,0,-,0,-,-,-,-,-,-,-,-,-
Albany (NY),14,2013,"Newhouse, Jon",1199583,So.,2011-12,-,14,0,-,0,-,0,-,20,1.429,-,-,-,-,-,-,-,-
Albany (NY),14,2013,"Nickla, Jack",1091777,Jr.,2011-12,-,16,0,-,0,-,0,-,11,0.688,-,-,-,-,-,-,-,-
Albany (NY),14,2013,"Nuckel, Tom",1322951,Fr.,2011-12,-,2,0,-,0,-,0,-,1,0.500,-,-,-,-,-,-,-,-
Albany (NY),14,2013,"Olson, Keith",982684,Sr.,2011-12,-,16,0,-,0,-,0,-,76,4.750,136,144,0.486,-,-,-,-,-
Albany (NY),14,2013,"Ostrander, Anthony",1091779,Jr.,2011-12,-,11,0,-,0,-,0,-,9,0.818,-,-,-,-,-,-,-,-
Albany (NY),14,2013,"Resetarits, Joe",982690,Sr.,2011-12,-,16,47,2.938,19,1.188,66,4.125,25,1.563,0,1,0.000,-,-,-,-,-
Albany (NY),14,2013,"Reynolds, Jack",982679,Sr.,2011-12,-,11,0,-,1,0.091,1,0.091,1,0.091,-,-,-,-,-,-,-,-
Albany (NY),14,2013,"Sanders, Eric",1199584,So.,2011-12,-,-,-,-,-,-,-,-,-,-,-,-,-,-,-,-,-,-
Albany (NY),14,2013,"Steinmann, Dean",982680,Jr.,2011-12,-,13,1,0.077,0,-,1,0.077,7,0.538,0,1,0.000,-,-,-,-,-
Albany (NY),14,2013,"Stenberg, Will",1322919,Fr.,2011-12,-,10,9,0.900,5,0.500,14,1.400,4,0.400,-,-,-,-,-,-,-,-
Albany (NY),14,2013,"Stewart, Dwayne",982682,Jr.,2011-12,-,16,3,0.188,1,0.063,4,0.250,7,0.438,-,-,-,-,-,-,-,-
Albany (NY),14,2013,"Thompson, Miles",1199585,So.,2011-12,-,16,36,2.250,25,1.563,61,3.813,25,1.563,0,1,0.000,-,-,-,-,-
Albany (NY),14,2013,"Thompson, Ty",1199586,So.,2011-12,-,16,32,2.000,11,0.688,43,2.688,18,1.125,-,-,-,-,-,-,-,-
Albany (NY),14,2013,"Thompson, Lyle",1322914,Fr.,2011-12,-,16,22,1.375,16,1.000,38,2.375,39,2.438,13,19,0.406,-,-,-,-,-
Albany (NY),14,2013,"Woods, Mike",1091775,Jr.,2011-12,-,16,0,-,2,0.125,2,0.125,9,0.563,-,-,-,-,-,-,-,-
Albany (NY),14,2013,"Young, Ben",1091778,So.,2011-12,-,16,0,-,0,-,0,-,3,0.188,-,-,-,-,-,-,-,-
Albany St. (GA),13,2013,-,0,-,2011-12,-,-,-,-,-,-,-,-,-,-,-,-,-,-,-,-,-,-
Albertus Magnus,2798,2013,-,0,-,2011-12,-,-,-,-,-,-,-,-,-,-,-,-,-,-,-,-,-,-
Albion,15,2013,"Battersby, Gerry",1192583,So.,2011-12,-,11,7,0.636,3,0.273,10,0.909,49,4.455,81,57,0.587,-,-,-,-,-
Albion,15,2013,"Braley, Joe",1302387,Fr.,2011-12,-,15,6,0.400,6,0.400,12,0.800,11,0.733,-,-,-,-,-,-,-,-
Albion,15,2013,"Collins, Adam",1192590,So.,2011-12,-,12,0,-,0,-,0,-,10,0.833,-,-,-,-,-,-,-,-
Albion,15,2013,"Dahlstrom, Nick",1192592,So.,2011-12,-,1,0,-,0,-,0,-,0,-,-,-,-,-,-,-,-,-
Albion,15,2013,"Dziewit, Alexander",1302397,Fr.,2011-12,-,16,7,0.438,3,0.188,10,0.625,43,2.688,20,28,0.417,-,-,-,-,-
Albion,15,2013,"Findlay, Ryan",1302389,Fr.,2011-12,-,1,0,-,0,-,0,-,0,-,-,-,-,-,-,-,-,-
Albion,15,2013,"Formanczyk, Kyle",1302394,Fr.,2011-12,-,15,0,-,0,-,0,-,19,1.267,-,-,-,12:04,115,9.530,141,0.551
Albion,15,2013,"Frotten, Cam",1302391,Fr.,2011-12,-,-,-,-,-,-,-,-,-,-,-,-,-,-,-,-,-,-
Albion,15,2013,"Genord, Dan",1099736,Jr.,2011-12,-,16,20,1.250,1,0.063,21,1.313,53,3.313,55,61,0.474,-,-,-,-,-
Albion,15,2013,"Hedemark, Joel",1302390,Fr.,2011-12,-,16,5,0.313,21,1.313,26,1.625,15,0.938,-,-,-,-,-,-,-,-
Albion,15,2013,"Irish, Jeff",1302385,Fr.,2011-12,-,13,0,-,0,-,0,-,30,2.308,-,-,-,-,-,-,-,-
Albion,15,2013,"Kehoe, Jamie",1099735,Jr.,2011-12,-,14,4,0.286,7,0.500,11,0.786,18,1.286,-,-,-,-,-,-,-,-
Albion,15,2013,"Kilpatrick, Tyler",1192586,So.,2011-12,-,16,20,1.250,3,0.188,23,1.438,16,1.000,1,0,1.000,-,-,-,-,-
Albion,15,2013,"LaPointe, Derek",1192582,So.,2011-12,-,7,0,-,0,-,0,-,3,0.429,-,-,-,-,-,-,-,-
Albion,15,2013,"Lask, Matthew",1192594,So.,2011-12,-,10,3,0.300,2,0.200,5,0.500,1,0.100,-,-,-,-,-,-,-,-
Albion,15,2013,"Limbaugh, Nick",1302392,Fr.,2011-12,-,-,-,-,-,-,-,-,-,-,-,-,-,-,-,-,-,-
Albion,15,2013,"Loney, Mitch",1099737,Jr.,2011-12,-,13,14,1.077,5,0.385,19,1.462,30,2.308,-,-,-,-,-,-,-,-
Albion,15,2013,"Monkman, Ian",1192593,So.,2011-12,-,9,0,-,0,-,0,-,8,0.889,-,-,-,3:57,42,10.633,41,0.494
Albion,15,2013,"Pressprich, Carl",1302388,Fr.,2011-12,-,16,2,0.125,2,0.125,4,0.250,32,2.000,1,10,0.091,-,-,-,-,-
Albion,15,2013,"Rigot, Andy",1302398,Fr.,2011-12,-,5,0,-,0,-,0,-,1,0.200,-,-,-,-,-,-,-,-
Albion,15,2013,"Riker, Kellen",1302386,Fr.,2011-12,-,11,2,0.182,3,0.273,5,0.455,8,0.727,-,-,-,-,-,-,-,-
Albion,15,2013,"Selby, Ashok",1192579,So.,2011-12,-,16,0,-,0,-,0,-,46,2.875,-,-,-,-,-,-,-,-
Albion,15,2013,"Silvestri, Joe",1302396,Fr.,2011-12,-,15,0,-,0,-,0,-,29,1.933,1,1,0.500,-,-,-,-,-
Albion,15,2013,"Simms, Jeremy",1099743,Jr.,2011-12,-,5,0,-,0,-,0,-,7,1.400,4,7,0.364,-,-,-,-,-
Albion,15,2013,"Spinney, Matt",1302393,Fr.,2011-12,-,5,0,-,0,-,0,-,1,0.200,-,-,-,-,-,-,-,-
Albion,15,2013,"Treppa, Stephen",1192585,So.,2011-12,-,10,13,1.300,7,0.700,20,2.000,17,1.700,0,2,0.000,-,-,-,-,-
Albion,15,2013,"Urso, Tim",1302395,Fr.,2011-12,-,16,17,1.063,9,0.563,26,1.625,22,1.375,0,3,0.000,-,-,-,-,-
Albright,16,2013,"Brown, Justin",1329170,Fr.,2011-12,-,19,21,1.105,4,0.211,25,1.316,24,1.263,1,0,1.000,-,-,-,-,-
Albright,16,2013,"Cunningham, Sean",1329168,So.,2011-12,-,19,0,-,0,-,0,-,45,2.368,-,-,-,-,-,-,-,-
Albright,16,2013,"Devinney, Joe",1329117,Fr.,2011-12,-,19,4,0.211,3,0.158,7,0.368,49,2.579,3,4,0.429,-,-,-,-,-
Albright,16,2013,"DiZenzo, Jordan",1329171,So.,2011-12,-,5,0,-,0,-,0,-,5,1.000,-,-,-,2:15,17,7.556,9,0.346
Albright,16,2013,"Donohoe, Michael",1329132,So.,2011-12,-,19,1,0.053,1,0.053,2,0.105,67,3.526,-,-,-,-,-,-,-,-
Albright,16,2013,"Foote, Dan",1329426,Fr.,2011-12,-,18,44,2.444,9,0.500,53,2.944,27,1.500,-,-,-,-,-,-,-,-
Albright,16,2013,"Grant, Connor",1329137,Fr.,2011-12,-,15,3,0.200,4,0.267,7,0.467,9,0.600,2,3,0.400,-,-,-,-,-
Albright,16,2013,"Groff, Zach",1331492,Jr.,2011-12,-,2,0,-,0,-,0,-,0,-,-,-,-,-,-,-,-,-
Albright,16,2013,"Hepner, Kenny",1329424,Fr.,2011-12,-,4,1,0.250,1,0.250,2,0.500,4,1.000,-,-,-,-,-,-,-,-
Albright,16,2013,"Holston, T.J.",1329120,Fr.,2011-12,-,19,39,2.053,16,0.842,55,2.895,56,2.947,-,-,-,-,-,-,-,-
Albright,16,2013,"Kennedy, Kevin",1329428,Fr.,2011-12,-,10,0,-,0,-,0,-,5,0.500,-,-,-,-,-,-,-,-
Albright,16,2013,"Kopistecki, Jonathan",1329427,Fr.,2011-12,-,6,0,-,0,-,0,-,0,-,-,-,-,-,-,-,-,-
Albright,16,2013,"McCabe, Kyle",1329138,Fr.,2011-12,-,15,3,0.200,2,0.133,5,0.333,33,2.200,0,1,0.000,-,-,-,-,-
Albright,16,2013,"Meador, Darian",1329158,Fr.,2011-12,-,19,6,0.316,2,0.105,8,0.421,129,6.789,208,160,0.565,-,-,-,-,-
Albright,16,2013,"Mitchell, Thomas",1329422,Fr.,2011-12,-,1,0,-,0,-,0,-,0,-,-,-,-,0:30,0,0.000,0,-
Albright,16,2013,"Ott, Tyler",1329154,Fr.,2011-12,-,14,1,0.071,0,-,1,0.071,10,0.714,25,37,0.403,-,-,-,-,-
Albright,16,2013,"Pedersen, Michael",1329520,Fr.,2011-12,-,1,0,-,0,-,0,-,3,3.000,-,-,-,0:30,0,0.000,2,1.000
Albright,16,2013,"Pellizzi, Matt",1329133,Fr.,2011-12,-,5,2,0.400,0,-,2,0.400,3,0.600,-,-,-,-,-,-,-,-
Albright,16,2013,"Pisko, Nicholas",1329169,Fr.,2011-12,-,16,11,0.688,4,0.250,15,0.938,16,1.000,-,-,-,-,-,-,-,-
Albright,16,2013,"Poitras, Andy",1329156,Fr.,2011-12,-,16,12,0.750,5,0.313,17,1.063,15,0.938,-,-,-,-,-,-,-,-
Albright,16,2013,"Potter, Phil",1329155,Fr.,2011-12,-,19,25,1.316,46,2.421,71,3.737,36,1.895,-,-,-,-,-,-,-,-
Albright,16,2013,"Salmon, Jeremy",1329119,Fr.,2011-12,-,11,5,0.455,1,0.091,6,0.545,13,1.182,-,-,-,-,-,-,-,-
Albright,16,2013,"Sandy, Cody",1329136,Fr.,2011-12,-,19,1,0.053,0,-,1,0.053,27,1.421,-,-,-,-,-,-,-,-
Albright,16,2013,"Smith, Bryan",1329135,Fr.,2011-12,-,19,31,1.632,22,1.158,53,2.789,54,2.842,-,-,-,-,-,-,-,-
Albright,16,2013,"Southwick, Mike",1329167,Fr.,2011-12,-,19,2,0.105,7,0.368,9,0.474,31,1.632,-,-,-,-,-,-,-,-
Albright,16,2013,"Taggart, Michael",1329134,Fr.,2011-12,-,19,0,-,4,0.211,4,0.211,19,1.000,-,-,-,-,-,-,-,-
Albright,16,2013,"Taylor, Joshua",1329521,Fr.,2011-12,-,5,3,0.600,2,0.400,5,1.000,11,2.200,-,-,-,-,-,-,-,-
Albright,16,2013,"Torak, Andrew",1329425,Fr.,2011-12,-,18,0,-,0,-,0,-,32,1.778,-,-,-,15:54,113,7.107,147,0.565
Albright,16,2013,"Turner, Ryan",1329118,Fr.,2011-12,-,19,29,1.526,6,0.316,35,1.842,43,2.263,-,-,-,-,-,-,-,-
Albright,16,2013,"Woytko, AJ",1329423,Fr.,2011-12,-,7,4,0.571,1,0.143,5,0.714,3,0.429,-,-,-,-,-,-,-,-
Alcorn St.,17,2013,-,0,-,2011-12,-,-,-,-,-,-,-,-,-,-,-,-,-,-,-,-,-,-
Alderson-Broaddus,934,2013,-,0,-,2011-12,-,-,-,-,-,-,-,-,-,-,-,-,-,-,-,-,-,-
Alfred,18,2013,"Almquist, Mark",1208482,So.,2011-12,-,7,0,-,3,0.429,3,0.429,2,0.286,-,-,-,-,-,-,-,-
Alfred,18,2013,"Aylward, John",1323425,Jr.,2011-12,-,8,1,0.125,1,0.125,2,0.250,6,0.750,13,8,0.619,-,-,-,-,-
Alfred,18,2013,"Barbay, Charlie",1084562,Jr.,2011-12,-,-,-,-,-,-,-,-,-,-,-,-,-,-,-,-,-,-
Alfred,18,2013,"Becker, Justin",1084555,Jr.,2011-12,-,3,0,-,0,-,0,-,0,-,-,-,-,0:04,0,0.000,0,-
Alfred,18,2013,"Beyor, Tyler",1323426,So.,2011-12,-,8,0,-,0,-,0,-,6,0.750,-,-,-,1:12,12,10.000,15,0.556
Alfred,18,2013,"Carroll, Brett",1208468,So.,2011-12,-,15,22,1.467,1,0.067,23,1.533,10,0.667,-,-,-,-,-,-,-,-
Alfred,18,2013,"Crilly, Fred",1323424,Fr.,2011-12,-,10,0,-,1,0.100,1,0.100,4,0.400,-,-,-,-,-,-,-,-
Alfred,18,2013,"Dabkowski, Stefan",1208472,Sr.,2011-12,-,15,26,1.733,6,0.400,32,2.133,25,1.667,-,-,-,-,-,-,-,-
Alfred,18,2013,"Demarco, Ben",1323431,So.,2011-12,-,13,7,0.538,3,0.231,10,0.769,12,0.923,0,3,0.000,-,-,-,-,-
Alfred,18,2013,"Dombrowski, Mike",1323427,Fr.,2011-12,-,2,0,-,0,-,0,-,0,-,-,-,-,-,-,-,-,-
Alfred,18,2013,"Frauenhoffer, Chris",1084561,Jr.,2011-12,-,15,0,-,0,-,0,-,21,1.400,-,-,-,-,-,-,-,-
Alfred,18,2013,"Green, Derek",1208473,So.,2011-12,-,15,12,0.800,4,0.267,16,1.067,6,0.400,-,-,-,-,-,-,-,-
Alfred,18,2013,"Hodnik, Matt",1084553,Jr.,2011-12,-,15,1,0.067,4,0.267,5,0.333,10,0.667,-,-,-,-,-,-,-,-
Alfred,18,2013,"Jelen, Eric",1084556,Jr.,2011-12,-,15,0,-,0,-,0,-,27,1.800,9,14,0.391,-,-,-,-,-
Alfred,18,2013,"Kinnane, Riley",1323435,Fr.,2011-12,-,10,5,0.500,6,0.600,11,1.100,7,0.700,-,-,-,-,-,-,-,-
Alfred,18,2013,"Konnick, Dave",1084559,Jr.,2011-12,-,15,0,-,0,-,0,-,8,0.533,-,-,-,-,-,-,-,-
Alfred,18,2013,"Lassman, Corey",1323428,Fr.,2011-12,-,6,0,-,0,-,0,-,4,0.667,-,-,-,-,-,-,-,-
Alfred,18,2013,"Malave, Dave",1323423,Jr.,2011-12,-,13,8,0.615,15,1.154,23,1.769,10,0.769,-,-,-,-,-,-,-,-
Alfred,18,2013,"Mallon, John",1323430,Jr.,2011-12,-,3,0,-,0,-,0,-,0,-,-,-,-,-,-,-,-,-
Alfred,18,2013,"Mangino, Brendan",1323429,Fr.,2011-12,-,1,0,-,0,-,0,-,0,-,-,-,-,-,-,-,-,-
Alfred,18,2013,"McCaig, Caleb",1217633,So.,2011-12,-,15,5,0.333,15,1.000,20,1.333,12,0.800,-,-,-,-,-,-,-,-
Alfred,18,2013,"Murphy, Brendan",991830,Sr.,2011-12,-,15,4,0.267,1,0.067,5,0.333,41,2.733,1,0,1.000,-,-,-,-,-
Alfred,18,2013,"O'Connor, Cody",1323432,Fr.,2011-12,-,15,0,-,0,-,0,-,28,1.867,-,-,-,13:07,149,11.360,121,0.448
Alfred,18,2013,"Perez, Felix",1208481,So.,2011-12,-,3,0,-,0,-,0,-,1,0.333,-,-,-,-,-,-,-,-
Alfred,18,2013,"Shultis, Justin",1208474,Sr.,2011-12,-,15,6,0.400,1,0.067,7,0.467,4,0.267,-,-,-,-,-,-,-,-
Alfred,18,2013,"Spadoni, Jake",1084567,Jr.,2011-12,-,15,1,0.067,0,-,1,0.067,48,3.200,1,4,0.200,-,-,-,-,-
Alfred,18,2013,"Storer, John",1323433,Fr.,2011-12,-,6,0,-,0,-,0,-,3,0.500,-,-,-,-,-,-,-,-
Alfred,18,2013,"Sullivan, Brendan",1323421,So.,2011-12,-,11,12,1.091,7,0.636,19,1.727,8,0.727,9,18,0.333,-,-,-,-,-
Alfred,18,2013,"Sullivan, Connor",1323420,Fr.,2011-12,-,7,0,-,1,0.143,1,0.143,4,0.571,5,13,0.278,-,-,-,-,-
Alfred,18,2013,"Tomczak, Theo",1323436,Jr.,2011-12,-,5,0,-,0,-,0,-,1,0.200,-,-,-,0:35,6,10.286,7,0.538
Alfred,18,2013,"Walsh, Pat",1208471,So.,2011-12,-,10,0,-,0,-,0,-,23,2.300,10,17,0.370,-,-,-,-,-
Alfred,18,2013,"Whyel, James",991833,Sr.,2011-12,-,15,7,0.467,1,0.067,8,0.533,14,0.933,-,-,-,-,-,-,-,-
Alfred,18,2013,"Wood, Nicolas",1323422,Fr.,2011-12,-,14,13,0.929,6,0.429,19,1.357,19,1.357,-,-,-,-,-,-,-,-
Alfred,18,2013,"Wright, Mitch",1323434,Fr.,2011-12,-,5,0,-,0,-,0,-,0,-,-,-,-,-,-,-,-,-
Alfred,18,2013,"Young, Rick",1323437,Fr.,2011-12,-,1,0,-,0,-,0,-,0,-,-,-,-,-,-,-,-,-
Alfred,18,2013,"Zon, Matt",1084552,Jr.,2011-12,-,15,8,0.533,1,0.067,9,0.600,67,4.467,120,109,0.524,-,-,-,-,-
