game_id	section_id	team_id	team_name	team_url	period_scores
4003276	0		Manhattan		[0, 1, 0, 2, 3]
4003276	1		Bryant		[7, 2, 3, 4, 16]
4003564	0		Ohio St.		[1, 3, 1, 3, 8]
4003564	1		Furman		[2, 0, 3, 2, 7]
4003927	0		Michigan		[3, 3, 0, 4, 10]
4003927	1		North Carolina		[7, 3, 3, 7, 20]
4004129	0		Robert Morris		[1, 1, 2, 3, 7]
4004129	1		Penn St.		[6, 8, 5, 1, 20]
4004130	0		Air Force		[2, 3, 0, 1, 6]
4004130	1		Navy		[0, 2, 4, 4, 10]
4005145	0		NJIT		[2, 0, 1, 1, 4]
4005145	1		Lehigh		[8, 8, 4, 1, 21]
4005239	0		Vermont		[4, 5, 4, 3, 16]
4005239	1		Jacksonville		[3, 6, 3, 5, 17]
4006834	0		Johns Hopkins		[4, 2, 1, 4, 0, 1, 12]
4006834	1		Navy		[2, 2, 2, 5, 0, 0, 11]
4009689	0		Mt. St. Mary's		[4, 1, 4, 5, 14]
4009689	1		Delaware		[4, 3, 3, 1, 11]
4009724	0		Mercer		[0, 1, 0, 1, 2]
4009724	1		Towson		[4, 3, 2, 2, 11]
4009725	0		Sacred Heart		[3, 3, 1, 5, 12]
4009725	1		Lafayette		[2, 1, 2, 3, 8]
4010216	0		UMass Lowell		[2, 2, 1, 0, 5]
4010216	1		Boston U.		[0, 1, 3, 4, 8]
4011194	0		Furman		[2, 1, 2, 1, 6]
4011194	1		North Carolina		[6, 4, 3, 1, 14]
4011345	0		Denver		[6, 2, 0, 2, 10]
4011345	1		Air Force		[2, 2, 5, 0, 9]
4011430	0		Siena		[0, 1, 1, 3, 5]
4011430	1		Syracuse		[4, 6, 4, 4, 18]
4011563	0		Bucknell		[4, 3, 3, 1, 11]
4011563	1		Bryant		[1, 3, 1, 5, 10]
4011571	0		Roberts Wesleyan		[10, 5, 4, 1, 20]
4011571	1		Hampton		[0, 2, 0, 1, 3]
4011790	0		St. John's (NY)		[4, 1, 2, 4, 11]
4011790	1		Rutgers		[8, 4, 2, 5, 19]
4012919	0		Manhattan		[0, 3, 3, 2, 8]
4012919	1		Wagner		[4, 2, 6, 3, 15]
4013163	0		Colgate		[1, 3, 2, 2, 8]
4013163	1		Michigan		[4, 3, 1, 1, 9]
4013262	0		Loyola Maryland		[4, 1, 4, 2, 11]
4013262	1		Virginia		[0, 2, 2, 0, 4]
4013304	0		Robert Morris		[0, 1, 3, 6, 10]
4013304	1		Bellarmine		[5, 5, 0, 1, 11]
4013340	0		Richmond		[3, 3, 3, 2, 11]
4013340	1		Fairfield		[2, 1, 3, 4, 10]
4013838	0		Massachusetts		[1, 1, 2, 1, 5]
4013838	1		Army West Point		[2, 2, 1, 4, 9]
4014111	0		Hobart and William Smith		[4, 1, 5, 2, 12]
4014111	1		Penn St.		[3, 4, 1, 9, 17]
4014121	0		High Point		[2, 2, 0, 2, 6]
4014121	1		Duke		[4, 3, 6, 4, 17]
4014704	0		Lehigh		[1, 2, 3, 5, 11]
4014704	1		Duke		[5, 4, 2, 2, 13]
4015462	0		Holy Cross		[1, 3, 1, 3, 8]
4015462	1		Providence		[2, 3, 3, 4, 12]
4015799	0		Boston U.		[6, 0, 5, 2, 13]
4015799	1		High Point		[1, 3, 3, 3, 10]
4015862	0		Monmouth		[3, 2, 3, 3, 11]
4015862	1		Jacksonville		[1, 2, 1, 1, 5]
4017525	0		Vermont		[3, 2, 6, 8, 19]
4017525	1		NJIT		[2, 3, 0, 0, 5]
4019435	0		Wagner		[1, 3, 2, 1, 7]
4019435	1		Lafayette		[3, 2, 5, 2, 12]
4020103	0		Richmond		[2, 2, 3, 0, 7]
4020103	1		UMBC		[1, 2, 1, 1, 5]
4020240	0		Bryant		[1, 5, 3, 3, 12]
4020240	1		Providence		[5, 1, 3, 1, 10]
4020273	0		Binghamton		[0, 3, 1, 0, 4]
4020273	1		Colgate		[3, 3, 3, 2, 11]
4020357	0		Johns Hopkins		[2, 0, 4, 2, 8]
4020357	1		Loyola Maryland		[3, 2, 2, 2, 9]
4020448	0		High Point		[2, 4, 3, 1, 10]
4020448	1		Maryland		[2, 2, 7, 4, 15]
4020573	0		Vermont		[2, 5, 5, 2, 14]
4020573	1		Holy Cross		[4, 0, 1, 3, 8]
4020715	0		NJIT		[1, 0, 2, 1, 4]
4020715	1		Princeton		[7, 6, 4, 4, 21]
4021235	0		Dartmouth		[0, 3, 3, 2, 8]
4021235	1		Sacred Heart		[2, 1, 2, 5, 10]
4021490	0		Detroit Mercy		[1, 2, 1, 1, 5]
4021490	1		Ohio St.		[4, 3, 3, 6, 16]
4021842	0		Detroit Mercy		[0, 2, 2, 4, 8]
4021842	1		Mercer		[4, 3, 1, 1, 9]
4021846	0		Mt. St. Mary's		[1, 2, 1, 1, 5]
4021846	1		Towson		[1, 4, 2, 2, 9]
4021866	0		Providence		[0, 1, 1, 3, 5]
4021866	1		Boston U.		[1, 4, 3, 1, 9]
4021876	0		Virginia		[2, 4, 4, 4, 14]
4021876	1		Drexel		[1, 3, 2, 1, 7]
4021909	0		Penn St.		[2, 0, 5, 1, 8]
4021909	1		Cornell		[2, 1, 0, 4, 7]
4021938	0		VMI		[1, 1, 1, 2, 5]
4021938	1		Saint Joseph's		[5, 4, 4, 2, 15]
4021982	0		Jacksonville		[3, 2, 2, 1, 8]
4021982	1		St. John's (NY)		[2, 2, 2, 1, 7]
4022131	0		Hofstra		[3, 2, 4, 1, 10]
4022131	1		North Carolina		[1, 1, 1, 2, 5]
4022378	0		Delaware		[0, 0, 1, 0, 1]
4022378	1		Navy		[1, 0, 1, 3, 5]
4022564	0		Villanova		[4, 3, 1, 4, 0, 12]
4022564	1		Harvard		[2, 4, 2, 4, 1, 13]
4022565	0		Michigan		[1, 3, 0, 6, 10]
4022565	1		Penn		[2, 2, 6, 2, 12]
4022567	0		Albany (NY)		[2, 2, 2, 1, 7]
4022567	1		Syracuse		[5, 2, 5, 4, 16]
4023392	0		Rutgers		[3, 3, 2, 5, 13]
4023392	1		Army West Point		[3, 0, 3, 5, 11]
4023958	0		Brown		[5, 6, 5, 4, 20]
4023958	1		Quinnipiac		[1, 1, 2, 3, 7]
4024688	0		Ohio St.		[4, 2, 2, 1, 9]
4024688	1		Massachusetts		[2, 5, 4, 5, 16]
4024689	0		Georgetown		[0, 3, 3, 1, 7]
4024689	1		Notre Dame		[4, 3, 2, 3, 12]
4025001	0		Lehigh		[6, 1, 5, 3, 15]
4025001	1		Furman		[0, 4, 1, 2, 7]
4025498	0		Bucknell		[2, 1, 7, 3, 13]
4025498	1		Fairfield		[2, 2, 2, 2, 8]
4025982	0		Monmouth		[1, 1, 2, 4, 8]
4025982	1		Wagner		[2, 2, 0, 0, 4]
4026034	0		Holy Cross		[6, 1, 1, 2, 0, 0, 10]
4026034	1		Harvard		[0, 2, 2, 6, 0, 1, 11]
4026702	0		High Point		[5, 2, 3, 1, 1, 12]
4026702	1		Virginia		[4, 1, 1, 5, 0, 11]
4026823	0		Mt. St. Mary's		[1, 3, 2, 0, 6]
4026823	1		Richmond		[2, 4, 1, 2, 9]
4026827	0		VMI		[0, 1, 0, 2, 3]
4026827	1		Army West Point		[4, 6, 8, 4, 22]
4026831	0		St. John's (NY)		[2, 2, 0, 2, 6]
4026831	1		Stony Brook		[5, 0, 5, 4, 14]
4027298	0		Siena		[3, 2, 2, 2, 9]
4027298	1		Hobart and William Smith		[2, 1, 6, 3, 12]
4028179	0		Denver		[3, 2, 4, 5, 14]
4028179	1		Duke		[1, 3, 3, 5, 12]
4028962	0		Hartford		[3, 4, 1, 8, 16]
4028962	1		Boston U.		[1, 3, 2, 4, 10]
4030380	0		Drexel		[5, 4, 4, 1, 14]
4030380	1		Albany (NY)		[5, 5, 3, 7, 20]
4030445	0		Maryland		[2, 1, 0, 2, 5]
4030445	1		Yale		[2, 1, 2, 3, 8]
4030647	0		Bellarmine		[1, 2, 2, 1, 6]
4030647	1		Notre Dame		[4, 4, 1, 2, 11]
4030798	0		Harvard		[3, 0, 3, 3, 1, 10]
4030798	1		Massachusetts		[1, 5, 3, 0, 0, 9]
4031007	0		Villanova		[4, 4, 8, 3, 19]
4031007	1		Penn St.		[1, 2, 3, 3, 9]
4031026	0		VMI		[4, 4, 2, 0, 10]
4031026	1		NJIT		[1, 2, 2, 2, 7]
4031170	0		Sacred Heart		[2, 0, 4, 1, 7]
4031170	1		Denver		[4, 7, 1, 6, 18]
4031267	0		Quinnipiac		[3, 2, 4, 3, 12]
4031267	1		Bellarmine		[1, 2, 0, 3, 6]
4031270	0		Detroit Mercy		[1, 1, 0, 3, 5]
4031270	1		Notre Dame		[3, 5, 4, 2, 14]
4031896	0		Manhattan		[1, 1, 3, 4, 9]
4031896	1		Saint Joseph's		[3, 6, 4, 3, 16]
4032041	0		Bryant		[4, 3, 2, 7, 16]
4032041	1		Hartford		[3, 3, 2, 3, 11]
4032143	0		North Carolina		[4, 3, 2, 6, 15]
4032143	1		Johns Hopkins		[1, 4, 4, 2, 11]
4032217	0		Brown		[5, 5, 3, 3, 16]
4032217	1		Stony Brook		[4, 3, 2, 5, 14]
4032566	0		Dartmouth		[0, 2, 2, 2, 6]
4032566	1		Denver		[7, 1, 6, 2, 16]
4032573	0		Lafayette		[3, 0, 2, 3, 8]
4032573	1		Loyola Maryland		[4, 2, 3, 3, 12]
4032593	0		Army West Point		[3, 0, 3, 2, 8]
4032593	1		Syracuse		[2, 3, 3, 1, 9]
4032852	0		Duke		[1, 7, 5, 5, 18]
4032852	1		Jacksonville		[0, 2, 2, 1, 5]
4033369	0		Dartmouth		[1, 1, 1, 0, 3]
4033369	1		Air Force		[1, 3, 3, 2, 9]
4033373	0		Sacred Heart		[2, 1, 3, 4, 10]
4033373	1		Air Force		[4, 1, 5, 3, 13]
4033425	0		Marquette		[2, 1, 2, 2, 7]
4033425	1		Richmond		[0, 0, 1, 1, 2]
4034439	0		Air Force		[1, 2, 2, 1, 0, 0, 0, 1, 7]
4034439	1		Marist		[2, 2, 0, 2, 0, 0, 0, 0, 6]
4034440	0		Binghamton		[2, 2, 1, 3, 8]
4034440	1		Marist		[5, 1, 2, 2, 10]
4034499	0		Fairfield		[2, 1, 2, 1, 6]
4034499	1		Rutgers		[4, 3, 2, 3, 12]
4034637	0		Providence		[2, 2, 4, 3, 11]
4034637	1		Vermont		[0, 3, 5, 0, 8]
4035021	0		Princeton		[3, 3, 1, 3, 0, 10]
4035021	1		Hofstra		[3, 2, 2, 3, 1, 11]
4035259	0		Hampton		[0, 1, 0, 4, 5]
4035259	1		Thiel		[7, 4, 6, 4, 21]
4035437	0		High Point		[2, 2, 4, 7, 15]
4035437	1		Robert Morris		[2, 0, 3, 5, 10]
4035542	0		Bellarmine		[3, 1, 2, 1, 7]
4035542	1		Marquette		[2, 3, 3, 1, 9]
4035612	0		Hobart and William Smith		[2, 1, 4, 1, 8]
4035612	1		Cornell		[1, 3, 2, 4, 10]
4036276	0		Mercer		[1, 1, 3, 4, 9]
4036276	1		Duke		[8, 4, 6, 1, 19]
4036968	0		Drexel		[2, 3, 2, 2, 9]
4036968	1		Villanova		[2, 6, 3, 3, 14]
4037091	0		UMass Lowell		[3, 2, 0, 2, 7]
4037091	1		Siena		[4, 2, 1, 4, 11]
4037176	0		VMI		[2, 1, 1, 2, 6]
4037176	1		Delaware		[7, 2, 3, 2, 14]
4037179	0		UMass Lowell		[3, 3, 2, 2, 10]
4037179	1		Fairfield		[5, 2, 3, 2, 12]
4037180	0		Siena		[4, 4, 1, 2, 11]
4037180	1		Mercer		[2, 2, 3, 5, 12]
4037183	0		Hartford		[0, 2, 1, 0, 3]
4037183	1		Massachusetts		[2, 3, 3, 3, 11]
4037250	0		Mt. St. Mary's		[2, 2, 2, 5, 11]
4037250	1		Georgetown		[0, 4, 1, 3, 8]
4037287	0		NJIT		[2, 0, 1, 1, 4]
4037287	1		Hofstra		[7, 5, 5, 2, 19]
4037307	0		Rutgers		[2, 7, 2, 4, 15]
4037307	1		Wagner		[1, 0, 3, 3, 7]
4038620	0		Holy Cross		[3, 2, 4, 2, 11]
4038620	1		Lehigh		[4, 2, 3, 3, 12]
4038705	0		St. John's (NY)		[3, 3, 1, 1, 8]
4038705	1		Saint Joseph's		[6, 3, 5, 2, 16]
4039901	0		Bucknell		[4, 1, 3, 2, 0, 10]
4039901	1		Colgate		[1, 4, 4, 1, 1, 11]
4041056	0		Michigan		[1, 3, 3, 3, 10]
4041056	1		Delaware		[2, 3, 1, 1, 7]
4042107	0		Syracuse		[4, 4, 3, 3, 14]
4042107	1		Virginia		[3, 4, 1, 5, 13]
4042421	0		Marquette		[2, 2, 2, 2, 8]
4042421	1		Ohio St.		[2, 4, 2, 4, 12]
4042814	0		NJIT		[2, 3, 1, 1, 7]
4042814	1		Quinnipiac		[1, 4, 1, 3, 9]
4042863	0		Jacksonville		[3, 1, 1, 4, 9]
4042863	1		UMass Lowell		[3, 4, 2, 3, 12]
4042988	0		Massachusetts		[0, 1, 1, 5, 7]
4042988	1		Brown		[4, 5, 3, 3, 15]
4043026	0		Cornell		[1, 3, 3, 1, 8]
4043026	1		Albany (NY)		[2, 5, 3, 2, 12]
4043184	0		Siena		[1, 5, 3, 0, 9]
4043184	1		St. John's (NY)		[6, 1, 1, 2, 10]
4043226	0		Binghamton		[1, 3, 1, 1, 6]
4043226	1		Hobart and William Smith		[2, 2, 5, 3, 12]
4043326	0		Navy		[1, 4, 5, 3, 13]
4043326	1		Bucknell		[1, 3, 0, 2, 6]
4043356	0		Drexel		[3, 1, 2, 4, 10]
4043356	1		Saint Joseph's		[2, 2, 2, 3, 9]
4043479	0		Boston U.		[3, 1, 1, 5, 10]
4043479	1		Canisius		[1, 2, 4, 1, 8]
4043492	0		Princeton		[2, 1, 1, 3, 7]
4043492	1		Johns Hopkins		[3, 3, 5, 6, 17]
4043793	0		Vermont		[4, 1, 3, 5, 13]
4043793	1		Michigan		[3, 3, 7, 2, 15]
4043795	0		Yale		[5, 2, 3, 4, 14]
4043795	1		Bryant		[1, 1, 1, 1, 4]
4043858	0		Army West Point		[7, 3, 1, 3, 14]
4043858	1		Lafayette		[2, 0, 0, 3, 5]
4044103	0		Maryland		[1, 1, 1, 1, 4]
4044103	1		Notre Dame		[1, 1, 2, 5, 9]
4044280	0		Stony Brook		[1, 1, 5, 2, 9]
4044280	1		Fairfield		[3, 1, 1, 1, 6]
4044585	0		Marist		[4, 1, 4, 0, 9]
4044585	1		High Point		[2, 5, 1, 3, 11]
4045849	0		Wagner		[1, 1, 3, 2, 7]
4045849	1		Dartmouth		[0, 3, 3, 0, 6]
4045874	0		Furman		[1, 2, 3, 2, 8]
4045874	1		Mt. St. Mary's		[2, 2, 3, 3, 10]
4045896	0		Hartford		[4, 0, 6, 6, 16]
4045896	1		Manhattan		[2, 0, 1, 1, 4]
4046236	0		Colgate		[2, 1, 4, 2, 9]
4046236	1		Lehigh		[4, 3, 2, 3, 12]
4046317	0		Richmond		[3, 1, 5, 2, 11]
4046317	1		VMI		[1, 2, 2, 1, 6]
4046415	0		Providence		[1, 3, 5, 2, 11]
4046415	1		Sacred Heart		[2, 1, 2, 3, 8]
4046511	0		Denver		[3, 1, 5, 3, 1, 13]
4046511	1		North Carolina		[3, 3, 2, 4, 0, 12]
4047377	0		Penn St.		[0, 1, 1, 5, 7]
4047377	1		Penn		[3, 4, 2, 2, 11]
4047679	0		Manhattan		[1, 2, 1, 2, 6]
4047679	1		Robert Morris		[3, 3, 10, 3, 19]
4047926	0		Rutgers		[5, 0, 3, 4, 12]
4047926	1		Monmouth		[1, 2, 2, 1, 6]
4048500	0		Richmond		[3, 3, 3, 3, 12]
4048500	1		Duke		[4, 2, 4, 0, 10]
4048870	0		Towson		[2, 2, 2, 4, 10]
4048870	1		Loyola Maryland		[3, 2, 0, 3, 8]
4049057	0		UMBC		[0, 0, 4, 2, 6]
4049057	1		Towson		[3, 6, 4, 1, 14]
4049576	0		Penn St.		[3, 2, 9, 2, 16]
4049576	1		Furman		[1, 1, 2, 3, 7]
4049840	0		Brown		[3, 7, 6, 4, 20]
4049840	1		Holy Cross		[1, 0, 4, 2, 7]
4049850	0		Colgate		[3, 1, 2, 1, 7]
4049850	1		Hobart and William Smith		[1, 3, 2, 0, 6]
4049979	0		Wagner		[4, 1, 2, 0, 7]
4049979	1		VMI		[2, 2, 0, 2, 6]
4050024	0		Vermont		[2, 2, 1, 1, 6]
4050024	1		Canisius		[5, 3, 1, 2, 11]
4050061	0		St. John's (NY)		[2, 3, 3, 0, 8]
4050061	1		Yale		[0, 1, 7, 5, 13]
4050079	0		Loyola Maryland		[4, 1, 3, 2, 10]
4050079	1		Holy Cross		[0, 4, 0, 5, 9]
4050118	0		Saint Joseph's		[0, 4, 2, 1, 7]
4050118	1		Virginia		[2, 1, 1, 5, 9]
4050288	0		Lafayette		[0, 3, 0, 3, 6]
4050288	1		Penn		[1, 4, 5, 2, 12]
4050848	0		Fairfield		[2, 5, 3, 3, 13]
4050848	1		Georgetown		[3, 1, 1, 4, 9]
4051057	0		Georgetown		[2, 2, 4, 3, 11]
4051057	1		Hofstra		[1, 3, 1, 1, 6]
4052003	0		Maryland		[4, 0, 4, 4, 12]
4052003	1		Drexel		[2, 1, 2, 3, 8]
4052128	0		NJIT		[0, 0, 3, 2, 5]
4052128	1		Monmouth		[3, 3, 2, 4, 12]
4052858	0		Delaware		[0, 3, 0, 3, 6]
4052858	1		Manhattan		[1, 2, 1, 1, 5]
4053150	0		Harvard		[4, 2, 0, 3, 9]
4053150	1		Bryant		[1, 3, 3, 5, 12]
4053387	0		Robert Morris		[3, 3, 0, 4, 1, 11]
4053387	1		Mercer		[2, 2, 5, 1, 0, 10]
4053574	0		Wagner		[6, 4, 1, 7, 18]
4053574	1		Hampton		[0, 3, 0, 1, 4]
4055526	0		Rutgers		[3, 0, 2, 1, 6]
4055526	1		Stony Brook		[1, 4, 7, 3, 15]
4056033	0		Harvard		[3, 5, 0, 4, 0, 12]
4056033	1		Penn St.		[6, 4, 2, 0, 1, 13]
4056050	0		Providence		[1, 4, 3, 4, 12]
4056050	1		High Point		[7, 4, 0, 2, 13]
4056115	0		Ohio St.		[1, 1, 0, 3, 5]
4056115	1		Hofstra		[1, 2, 2, 3, 8]
4056124	0		Maryland		[6, 5, 5, 1, 17]
4056124	1		Princeton		[1, 1, 2, 1, 5]
4056262	0		North Carolina		[1, 2, 3, 3, 9]
4056262	1		Massachusetts		[2, 4, 5, 3, 14]
4056283	0		Manhattan		[2, 0, 2, 4, 8]
4056283	1		UMass Lowell		[2, 2, 0, 1, 5]
4056297	0		Bucknell		[2, 3, 6, 7, 18]
4056297	1		Holy Cross		[5, 2, 3, 2, 12]
4056356	0		Michigan		[1, 1, 1, 5, 8]
4056356	1		Brown		[6, 4, 8, 4, 22]
4056369	0		Towson		[2, 1, 2, 3, 8]
4056369	1		Johns Hopkins		[3, 2, 2, 7, 14]
4056491	0		Robert Morris		[1, 2, 2, 0, 5]
4056491	1		Marquette		[2, 6, 1, 4, 13]
4056545	0		Saint Joseph's		[6, 5, 4, 3, 18]
4056545	1		Monmouth		[1, 1, 4, 2, 8]
4056624	0		St. John's (NY)		[1, 1, 1, 1, 4]
4056624	1		Syracuse		[6, 3, 4, 2, 15]
4056845	0		Jacksonville		[1, 0, 2, 3, 6]
4056845	1		Richmond		[5, 3, 3, 1, 12]
4056868	0		Furman		[1, 0, 1, 2, 4]
4056868	1		Air Force		[3, 3, 5, 3, 14]
4057036	0		VMI		[0, 0, 2, 0, 2]
4057036	1		Mt. St. Mary's		[1, 7, 3, 3, 14]
4058815	0		Delaware		[1, 3, 3, 4, 1, 12]
4058815	1		Binghamton		[3, 5, 3, 0, 0, 11]
4060296	0		Marist		[3, 4, 0, 1, 0, 8]
4060296	1		UMBC		[2, 0, 4, 2, 1, 9]
4060678	0		Rutgers		[0, 2, 2, 3, 7]
4060678	1		Princeton		[1, 1, 4, 4, 10]
4060952	0		North Carolina		[6, 8, 2, 2, 18]
4060952	1		Manhattan		[1, 0, 1, 0, 2]
4061053	0		Mercer		[4, 1, 2, 0, 7]
4061053	1		Bellarmine		[0, 5, 0, 6, 11]
4061920	0		Lehigh		[2, 4, 2, 2, 10]
4061920	1		Army West Point		[2, 2, 7, 2, 13]
4061939	0		Villanova		[4, 2, 4, 2, 12]
4061939	1		Bucknell		[2, 1, 2, 3, 8]
4061961	0		UMass Lowell		[3, 4, 3, 2, 12]
4061961	1		Wagner		[1, 2, 4, 4, 11]
4062187	0		Hofstra		[0, 3, 1, 1, 5]
4062187	1		Stony Brook		[7, 1, 3, 2, 13]
4062239	0		Towson		[4, 2, 3, 0, 1, 10]
4062239	1		Ohio St.		[0, 1, 4, 4, 0, 9]
4062290	0		Hobart and William Smith		[0, 2, 1, 4, 0, 1, 8]
4062290	1		Canisius		[1, 3, 2, 1, 0, 0, 7]
4062442	0		Hartford		[3, 2, 5, 1, 11]
4062442	1		Marist		[2, 3, 1, 2, 8]
4062552	0		Yale		[2, 4, 1, 3, 10]
4062552	1		Fairfield		[0, 0, 2, 3, 5]
4062776	0		Denver		[4, 3, 0, 1, 1, 9]
4062776	1		Notre Dame		[1, 1, 0, 6, 0, 8]
4062857	0		Quinnipiac		[2, 1, 4, 3, 1, 11]
4062857	1		Hartford		[2, 5, 1, 2, 0, 10]
4063284	0		Monmouth		[4, 5, 2, 6, 17]
4063284	1		VMI		[0, 0, 2, 3, 5]
4063976	0		NJIT		[3, 1, 0, 2, 6]
4063976	1		Army West Point		[3, 3, 2, 8, 16]
4064820	0		Virginia		[3, 4, 2, 1, 10]
4064820	1		Cornell		[3, 5, 1, 5, 14]
4066716	0		Cornell		[0, 3, 2, 1, 6]
4066716	1		Colgate		[1, 0, 2, 2, 5]
4067209	0		NJIT		[1, 0, 0, 2, 3]
4067209	1		Rutgers		[3, 3, 7, 3, 16]
4067689	0		Marquette		[4, 2, 4, 1, 11]
4067689	1		Quinnipiac		[1, 1, 1, 2, 5]
4067733	0		Fairfield		[5, 3, 2, 2, 12]
4067733	1		Colgate		[1, 1, 2, 3, 7]
4067893	0		Canisius		[1, 4, 2, 5, 12]
4067893	1		Siena		[1, 3, 2, 3, 9]
4067933	0		Sacred Heart		[2, 2, 1, 2, 7]
4067933	1		Robert Morris		[2, 3, 5, 2, 12]
4067969	0		Boston U.		[2, 2, 1, 1, 6]
4067969	1		Bucknell		[2, 2, 4, 5, 13]
4067992	0		Stony Brook		[2, 2, 5, 1, 10]
4067992	1		Albany (NY)		[5, 1, 5, 5, 16]
4068017	0		Lehigh		[3, 2, 1, 5, 11]
4068017	1		Lafayette		[2, 2, 0, 2, 6]
4068027	0		Penn		[5, 4, 5, 6, 20]
4068027	1		Princeton		[1, 2, 3, 4, 10]
4068137	0		Furman		[0, 2, 1, 3, 6]
4068137	1		Towson		[7, 2, 2, 4, 15]
4068368	0		Syracuse		[2, 5, 1, 2, 0, 10]
4068368	1		Johns Hopkins		[0, 4, 3, 3, 1, 11]
4068377	0		Ohio Valley		[4, 6, 1, 5, 16]
4068377	1		Hampton		[1, 2, 0, 1, 4]
4068435	0		Detroit Mercy		[1, 3, 0, 5, 9]
4068435	1		Manhattan		[1, 1, 0, 1, 3]
4068768	0		Delaware		[2, 3, 1, 1, 7]
4068768	1		Saint Joseph's		[4, 2, 3, 3, 12]
4068799	0		Georgetown		[1, 1, 3, 1, 6]
4068799	1		Duke		[6, 7, 6, 1, 20]
4068804	0		Richmond		[1, 1, 3, 1, 6]
4068804	1		North Carolina		[4, 3, 3, 5, 15]
4069186	0		Brown		[5, 3, 0, 3, 11]
4069186	1		Harvard		[2, 1, 3, 2, 8]
4069187	0		Bellarmine		[1, 5, 2, 2, 10]
4069187	1		Jacksonville		[3, 2, 3, 1, 9]
4069234	0		VMI		[0, 0, 0, 2, 2]
4069234	1		Mercer		[5, 3, 2, 3, 13]
4069318	0		Dartmouth		[5, 1, 3, 4, 13]
4069318	1		Michigan		[1, 3, 3, 5, 12]
4069417	0		UMBC		[1, 3, 2, 4, 10]
4069417	1		Binghamton		[3, 3, 6, 4, 16]
4070226	0		St. John's (NY)		[0, 2, 1, 1, 4]
4070226	1		Drexel		[3, 4, 3, 3, 13]
4070780	0		Massachusetts		[2, 4, 3, 2, 11]
4070780	1		Penn St.		[4, 1, 2, 2, 9]
4071276	0		Yale		[4, 3, 3, 5, 15]
4071276	1		Cornell		[2, 4, 1, 2, 9]
4071940	0		Duke		[3, 5, 4, 3, 15]
4071940	1		Loyola Maryland		[1, 2, 1, 2, 6]
4071958	0		Duke		[3, 2, 0, 4, 9]
4071958	1		Harvard		[3, 7, 1, 3, 14]
4072000	0		High Point		[0, 0, 4, 0, 4]
4072000	1		Air Force		[3, 3, 2, 5, 13]
4072976	0		Hartford		[2, 3, 2, 1, 0, 0, 1, 9]
4072976	1		UMass Lowell		[1, 2, 1, 4, 0, 0, 0, 8]
4073376	0		Albany (NY)		[2, 6, 2, 6, 16]
4073376	1		Massachusetts		[0, 0, 2, 2, 4]
4073694	0		Hobart and William Smith		[1, 4, 3, 1, 0, 0, 1, 10]
4073694	1		Wagner		[1, 2, 3, 3, 0, 0, 0, 9]
4073759	0		Hofstra		[2, 2, 1, 2, 7]
4073759	1		Providence		[5, 1, 1, 5, 12]
4073760	0		UMass Lowell		[0, 6, 2, 3, 11]
4073760	1		Providence		[2, 4, 3, 6, 15]
4073801	0		Albany (NY)		[2, 1, 3, 1, 7]
4073801	1		Maryland		[4, 3, 0, 3, 10]
4073977	0		Vermont		[1, 3, 4, 4, 0, 12]
4073977	1		Hofstra		[6, 1, 3, 2, 1, 13]
4073991	0		Lafayette		[0, 3, 1, 0, 4]
4073991	1		Navy		[4, 3, 3, 1, 11]
4074023	0		Holy Cross		[3, 0, 2, 2, 7]
4074023	1		Army West Point		[2, 4, 5, 5, 16]
4074024	0		Quinnipiac		[1, 1, 1, 4, 7]
4074024	1		Fairfield		[2, 5, 4, 2, 13]
4074106	0		Air Force		[0, 2, 4, 3, 1, 10]
4074106	1		Duke		[3, 2, 3, 1, 0, 9]
4074157	0		NJIT		[3, 1, 2, 4, 10]
4074157	1		Dartmouth		[2, 3, 1, 1, 7]
4074422	0		Loyola Maryland		[1, 1, 5, 2, 9]
4074422	1		Navy		[5, 2, 0, 3, 10]
4074626	0		Yale		[5, 2, 9, 1, 17]
4074626	1		UMass Lowell		[1, 1, 0, 5, 7]
4075214	0		Boston U.		[3, 2, 2, 2, 9]
4075214	1		Harvard		[4, 1, 0, 3, 8]
4075529	0		Loyola Maryland		[3, 4, 1, 2, 10]
4075529	1		Georgetown		[2, 1, 2, 2, 7]
4075839	0		Marist		[0, 2, 0, 4, 1, 7]
4075839	1		Michigan		[2, 1, 2, 1, 0, 6]
4076559	0		Ohio St.		[2, 0, 3, 1, 6]
4076559	1		Denver		[1, 4, 2, 8, 15]
4077856	0		Drexel		[2, 2, 2, 1, 7]
4077856	1		Binghamton		[3, 4, 0, 3, 10]
4079356	0		Saint Joseph's		[4, 1, 4, 4, 13]
4079356	1		Hobart and William Smith		[0, 1, 0, 4, 5]
4079474	0		Virginia		[0, 2, 3, 2, 0, 7]
4079474	1		Notre Dame		[1, 1, 3, 2, 1, 8]
4079506	0		Albany (NY)		[5, 5, 2, 1, 13]
4079506	1		Hartford		[1, 2, 1, 5, 9]
4079510	0		Stony Brook		[6, 5, 2, 1, 14]
4079510	1		UMBC		[3, 4, 3, 1, 11]
4079515	0		Bellarmine		[1, 2, 2, 2, 7]
4079515	1		Providence		[1, 4, 3, 1, 9]
4079553	0		NJIT		[2, 1, 1, 4, 8]
4079553	1		Wagner		[0, 0, 4, 6, 10]
4079708	0		Hofstra		[5, 5, 3, 2, 15]
4079708	1		St. John's (NY)		[5, 2, 0, 1, 8]
4079895	0		Binghamton		[3, 0, 1, 2, 6]
4079895	1		Towson		[1, 2, 5, 7, 15]
4079935	0		North Carolina		[2, 2, 2, 2, 8]
4079935	1		Maryland		[3, 3, 3, 2, 11]
4080146	0		Canisius		[0, 6, 2, 2, 10]
4080146	1		Marist		[3, 6, 0, 4, 13]
4080210	0		Bucknell		[0, 1, 0, 2, 3]
4080210	1		Loyola Maryland		[2, 7, 4, 1, 14]
4080577	0		Robert Morris		[5, 3, 1, 2, 11]
4080577	1		Mt. St. Mary's		[6, 1, 1, 1, 9]
4080578	0		Siena		[1, 3, 1, 1, 6]
4080578	1		Quinnipiac		[1, 2, 5, 3, 11]
4080579	0		Furman		[2, 6, 6, 4, 18]
4080579	1		VMI		[1, 0, 2, 2, 5]
4080581	0		Delaware		[1, 0, 3, 7, 11]
4080581	1		Rutgers		[6, 2, 4, 3, 15]
4080596	0		Army West Point		[5, 2, 3, 1, 11]
4080596	1		Colgate		[1, 1, 1, 4, 7]
4080869	0		Fairfield		[1, 1, 5, 2, 9]
4080869	1		Villanova		[3, 4, 8, 0, 15]
4081036	0		Cornell		[0, 1, 2, 3, 6]
4081036	1		Penn		[4, 2, 1, 2, 9]
4081107	0		Johns Hopkins		[4, 1, 4, 3, 0, 12]
4081107	1		Virginia		[1, 5, 2, 4, 1, 13]
4081118	0		High Point		[1, 1, 0, 1, 3]
4081118	1		Richmond		[3, 1, 0, 3, 7]
4081417	0		Princeton		[2, 2, 3, 3, 10]
4081417	1		Yale		[4, 1, 4, 2, 11]
4081618	0		Boston U.		[4, 5, 3, 4, 16]
4081618	1		Lafayette		[0, 1, 1, 4, 6]
4081666	0		Georgetown		[3, 1, 2, 2, 8]
4081666	1		Marquette		[4, 2, 1, 2, 9]
4081881	0		Denver		[3, 3, 1, 3, 10]
4081881	1		Penn St.		[2, 6, 4, 3, 15]
4082222	0		Dartmouth		[1, 2, 2, 3, 8]
4082222	1		Harvard		[4, 6, 5, 3, 18]
4082740	0		Monmouth		[3, 3, 1, 3, 10]
4082740	1		Manhattan		[1, 1, 1, 2, 5]
4082778	0		Jacksonville		[2, 4, 0, 0, 6]
4082778	1		Holy Cross		[1, 3, 3, 3, 10]
4083516	0		Mercer		[2, 0, 2, 1, 5]
4083516	1		Drexel		[3, 5, 1, 3, 12]
4083858	0		UMass Lowell		[2, 2, 2, 3, 9]
4083858	1		Vermont		[6, 1, 3, 1, 11]
4084495	0		Air Force		[2, 2, 2, 1, 7]
4084495	1		Detroit Mercy		[0, 3, 0, 2, 5]
4084521	0		VMI		[2, 1, 1, 0, 4]
4084521	1		Virginia		[1, 9, 3, 6, 19]
4084537	0		Stony Brook		[7, 3, 3, 3, 16]
4084537	1		Lehigh		[2, 1, 1, 2, 6]
4084816	0		Maryland		[6, 4, 1, 2, 13]
4084816	1		Penn		[3, 3, 0, 2, 8]
4084904	0		Navy		[1, 4, 5, 2, 12]
4084904	1		Lehigh		[2, 0, 2, 3, 7]
4084919	0		Holy Cross		[2, 2, 3, 1, 8]
4084919	1		Hartford		[1, 3, 5, 1, 10]
4085329	0		Syracuse		[4, 7, 3, 1, 0, 15]
4085329	1		Duke		[1, 5, 4, 5, 1, 16]
4085361	0		Brown		[7, 4, 4, 4, 19]
4085361	1		Villanova		[2, 0, 4, 2, 8]
4086150	0		Johns Hopkins		[4, 3, 4, 8, 19]
4086150	1		UMBC		[3, 3, 1, 0, 7]
4087164	0		Harvard		[1, 2, 2, 4, 9]
4087164	1		Albany (NY)		[3, 2, 3, 2, 10]
4089008	0		North Carolina		[5, 3, 5, 3, 1, 17]
4089008	1		Duke		[3, 3, 6, 4, 0, 16]
4089219	0		Denver		[6, 2, 5, 4, 17]
4089219	1		Georgetown		[1, 0, 2, 1, 4]
4089232	0		Air Force		[0, 1, 3, 3, 1, 8]
4089232	1		Bellarmine		[1, 2, 0, 4, 0, 7]
4089259	0		Penn		[4, 3, 2, 1, 0, 10]
4089259	1		Yale		[3, 1, 2, 4, 1, 11]
4089309	0		Holy Cross		[1, 0, 2, 0, 3]
4089309	1		Navy		[0, 3, 4, 5, 12]
4089314	0		Drexel		[1, 2, 2, 2, 7]
4089314	1		Towson		[2, 1, 2, 6, 11]
4089338	0		Binghamton		[4, 2, 2, 1, 9]
4089338	1		Hartford		[5, 5, 5, 2, 17]
4089390	0		Saint Joseph's		[5, 5, 2, 3, 15]
4089390	1		Wagner		[0, 2, 1, 3, 6]
4089395	0		St. John's (NY)		[3, 2, 1, 4, 10]
4089395	1		Providence		[2, 4, 4, 5, 15]
4089396	0		Princeton		[3, 3, 2, 0, 8]
4089396	1		Brown		[6, 1, 9, 3, 19]
4089425	0		Bryant		[6, 2, 4, 1, 13]
4089425	1		Robert Morris		[0, 2, 6, 4, 12]
4089460	0		Massachusetts		[2, 2, 1, 2, 7]
4089460	1		Delaware		[2, 3, 0, 4, 9]
4089492	0		Siena		[2, 2, 3, 0, 7]
4089492	1		Detroit Mercy		[2, 2, 2, 0, 6]
4089530	0		Albany (NY)		[5, 2, 8, 1, 16]
4089530	1		UMass Lowell		[1, 1, 1, 6, 9]
4089582	0		UMBC		[4, 3, 1, 5, 13]
4089582	1		Lafayette		[0, 2, 3, 3, 8]
4089607	0		Villanova		[0, 1, 2, 0, 3]
4089607	1		Marquette		[4, 3, 1, 3, 11]
4089709	0		Quinnipiac		[1, 0, 0, 6, 1, 8]
4089709	1		Marist		[0, 3, 2, 2, 0, 7]
4090345	0		Notre Dame		[5, 4, 5, 3, 17]
4090345	1		Syracuse		[2, 2, 3, 0, 7]
4090594	0		Mt. St. Mary's		[2, 6, 8, 3, 19]
4090594	1		Sacred Heart		[2, 3, 2, 9, 16]
4090630	0		Virginia		[2, 2, 3, 2, 9]
4090630	1		Richmond		[0, 0, 0, 0, 0]
4090640	0		Monmouth		[2, 4, 3, 2, 11]
4090640	1		Canisius		[3, 0, 1, 2, 6]
4091272	0		Maryland		[1, 2, 3, 2, 8]
4091272	1		Michigan		[3, 1, 1, 2, 7]
4091320	0		Loyola Maryland		[3, 2, 5, 2, 12]
4091320	1		Colgate		[1, 1, 1, 1, 4]
4091519	0		Vermont		[3, 1, 2, 4, 10]
4091519	1		Stony Brook		[3, 2, 4, 4, 13]
4091563	0		Fairfield		[1, 4, 1, 3, 9]
4091563	1		Hofstra		[1, 3, 2, 2, 8]
4091623	0		Jacksonville		[3, 2, 0, 2, 7]
4091623	1		Furman		[1, 7, 1, 4, 13]
4091914	0		Marist		[3, 1, 2, 3, 9]
4091914	1		Monmouth		[2, 3, 2, 1, 8]
4091978	0		Mercer		[2, 2, 3, 3, 10]
4091978	1		High Point		[4, 3, 3, 5, 15]
4092277	0		Cornell		[5, 8, 2, 4, 19]
4092277	1		Dartmouth		[2, 1, 1, 0, 4]
4092377	0		Dartmouth		[1, 1, 2, 5, 9]
4092377	1		Vermont		[2, 2, 5, 6, 15]
4092479	0		Manhattan		[3, 4, 3, 4, 14]
4092479	1		NJIT		[0, 2, 1, 2, 5]
4092746	0		Johns Hopkins		[0, 3, 3, 3, 9]
4092746	1		Rutgers		[2, 6, 4, 4, 16]
4094273	0		Penn St.		[2, 2, 1, 1, 6]
4094273	1		Ohio St.		[1, 0, 2, 2, 5]
4094310	0		Lafayette		[3, 2, 4, 2, 11]
4094310	1		Monmouth		[2, 4, 3, 1, 10]
4094524	0		Bucknell		[1, 2, 3, 2, 8]
4094524	1		Army West Point		[2, 1, 2, 2, 7]
4094985	0		Lehigh		[3, 2, 1, 2, 8]
4094985	1		Boston U.		[1, 1, 4, 1, 7]
4094990	0		Sacred Heart		[2, 0, 0, 1, 3]
4094990	1		Yale		[5, 7, 4, 3, 19]
4095401	0		Bryant		[2, 1, 2, 5, 1, 11]
4095401	1		Brown		[2, 2, 4, 2, 0, 10]
4097516	0		Syracuse		[5, 2, 2, 4, 13]
4097516	1		Hobart and William Smith		[0, 3, 3, 0, 6]
4099273	0		Mt. St. Mary's		[4, 4, 2, 0, 10]
4099273	1		Bucknell		[5, 1, 5, 4, 15]
4099326	0		Hartford		[2, 5, 1, 2, 10]
4099326	1		UMBC		[1, 2, 1, 0, 4]
4099363	0		Stony Brook		[4, 3, 4, 2, 13]
4099363	1		Princeton		[2, 3, 4, 1, 10]
4099385	0		Richmond		[1, 1, 0, 3, 0, 0, 1, 6]
4099385	1		Furman		[0, 2, 2, 1, 0, 0, 0, 5]
4099433	0		Wagner		[1, 1, 1, 2, 5]
4099433	1		Bryant		[4, 4, 7, 3, 18]
4099462	0		Delaware		[0, 2, 2, 3, 7]
4099462	1		Hofstra		[3, 5, 2, 3, 13]
4099464	0		Sacred Heart		[1, 3, 1, 1, 6]
4099464	1		Saint Joseph's		[3, 3, 4, 6, 16]
4099479	0		Marist		[3, 5, 0, 4, 12]
4099479	1		Siena		[1, 2, 1, 2, 6]
4099484	0		UMass Lowell		[1, 2, 1, 1, 5]
4099484	1		Binghamton		[3, 7, 2, 4, 16]
4099495	0		Lafayette		[0, 3, 1, 2, 6]
4099495	1		Holy Cross		[5, 1, 3, 2, 11]
4099632	0		Army West Point		[7, 2, 4, 2, 15]
4099632	1		Boston U.		[0, 1, 2, 1, 4]
4099647	0		Ohio St.		[2, 3, 6, 1, 12]
4099647	1		Johns Hopkins		[2, 6, 4, 1, 13]
4099679	0		Loyola Maryland		[4, 3, 1, 3, 11]
4099679	1		Lehigh		[2, 4, 3, 1, 10]
4099721	0		Harvard		[2, 2, 4, 4, 12]
4099721	1		Cornell		[1, 2, 4, 1, 8]
4099727	0		Drexel		[2, 3, 1, 1, 7]
4099727	1		Fairfield		[1, 1, 2, 4, 8]
4099778	0		Yale		[1, 4, 9, 1, 15]
4099778	1		Dartmouth		[1, 1, 0, 3, 5]
4099986	0		Manhattan		[4, 2, 4, 1, 11]
4099986	1		Canisius		[7, 0, 2, 4, 13]
4100547	0		Denver		[5, 2, 3, 2, 12]
4100547	1		Villanova		[2, 4, 0, 5, 11]
4100619	0		Duke		[2, 2, 1, 1, 6]
4100619	1		Notre Dame		[2, 1, 2, 3, 8]
4100871	0		Michigan		[2, 1, 3, 0, 6]
4100871	1		Rutgers		[2, 3, 3, 5, 13]
4101175	0		Virginia		[1, 1, 2, 4, 8]
4101175	1		North Carolina		[4, 6, 2, 4, 16]
4101470	0		Colgate		[2, 1, 4, 2, 9]
4101470	1		Navy		[4, 4, 4, 4, 16]
4102011	0		Vermont		[1, 0, 1, 5, 7]
4102011	1		Albany (NY)		[1, 8, 3, 1, 13]
4102015	0		Bellarmine		[1, 3, 2, 1, 7]
4102015	1		High Point		[2, 2, 4, 5, 13]
4102019	0		Quinnipiac		[4, 3, 3, 4, 14]
4102019	1		Detroit Mercy		[0, 2, 1, 1, 4]
4102784	0		Marquette		[3, 1, 4, 3, 11]
4102784	1		St. John's (NY)		[4, 2, 0, 1, 7]
4103201	0		Providence		[1, 1, 1, 2, 5]
4103201	1		Georgetown		[1, 5, 2, 0, 8]
4104516	0		Maryland		[3, 4, 2, 1, 1, 11]
4104516	1		Penn St.		[5, 3, 1, 1, 0, 10]
4104656	0		Towson		[4, 2, 3, 2, 11]
4104656	1		Massachusetts		[2, 4, 1, 1, 8]
4105000	0		Canisius		[3, 0, 3, 6, 12]
4105000	1		Binghamton		[2, 5, 3, 3, 13]
4105012	0		Marist		[1, 2, 3, 3, 1, 10]
4105012	1		Stony Brook		[1, 2, 2, 4, 0, 9]
4105025	0		UMBC		[4, 3, 3, 4, 14]
4105025	1		Mt. St. Mary's		[1, 3, 3, 4, 11]
4105278	0		Syracuse		[3, 2, 2, 2, 0, 9]
4105278	1		Cornell		[2, 1, 4, 2, 1, 10]
4105436	0		Lehigh		[1, 1, 2, 2, 6]
4105436	1		Princeton		[1, 4, 3, 5, 13]
4106221	0		Mercer		[3, 4, 3, 3, 13]
4106221	1		Air Force		[3, 3, 4, 5, 15]
4106419	0		Marquette		[1, 1, 3, 2, 0, 7]
4106419	1		Notre Dame		[2, 3, 2, 0, 1, 8]
4110323	0		Lafayette		[1, 1, 2, 3, 7]
4110323	1		Bucknell		[4, 2, 3, 5, 14]
4110768	0		Jacksonville		[2, 2, 3, 3, 10]
4110768	1		High Point		[4, 1, 4, 5, 14]
4110839	0		Delaware		[5, 1, 2, 2, 10]
4110839	1		Towson		[2, 2, 0, 3, 7]
4110918	0		Hobart and William Smith		[2, 2, 4, 4, 12]
4110918	1		Mt. St. Mary's		[1, 2, 1, 2, 6]
4110943	0		Yale		[5, 4, 1, 2, 12]
4110943	1		Brown		[4, 2, 4, 4, 14]
4111217	0		Dartmouth		[2, 1, 0, 0, 3]
4111217	1		Princeton		[0, 0, 4, 3, 7]
4111281	0		Providence		[0, 2, 1, 4, 7]
4111281	1		Marquette		[3, 4, 1, 0, 8]
4111350	0		Boston U.		[3, 1, 6, 2, 12]
4111350	1		Loyola Maryland		[1, 4, 2, 6, 13]
4111451	0		Hofstra		[2, 2, 5, 1, 10]
4111451	1		Drexel		[0, 1, 0, 3, 4]
4111897	0		North Carolina		[2, 0, 4, 1, 7]
4111897	1		Syracuse		[4, 4, 1, 4, 13]
4111911	0		UMass Lowell		[2, 2, 0, 3, 7]
4111911	1		Stony Brook		[5, 4, 3, 3, 15]
4111979	0		Binghamton		[3, 3, 1, 1, 8]
4111979	1		Albany (NY)		[3, 5, 1, 3, 12]
4112054	0		Wagner		[4, 1, 2, 4, 11]
4112054	1		Sacred Heart		[4, 0, 1, 3, 8]
4112171	0		Rutgers		[2, 2, 2, 2, 8]
4112171	1		Maryland		[1, 2, 4, 4, 11]
4112178	0		VMI		[0, 2, 0, 1, 3]
4112178	1		Air Force		[4, 3, 2, 4, 13]
4113620	0		Duke		[2, 3, 4, 5, 14]
4113620	1		Virginia		[3, 2, 2, 1, 8]
4113624	0		Massachusetts		[1, 0, 3, 2, 6]
4113624	1		Fairfield		[2, 2, 3, 1, 8]
4113787	0		Siena		[0, 2, 1, 1, 4]
4113787	1		Hartford		[4, 3, 6, 2, 15]
4113959	0		Lafayette		[2, 2, 5, 3, 12]
4113959	1		NJIT		[1, 1, 0, 2, 4]
4114047	0		UMBC		[3, 2, 2, 3, 10]
4114047	1		Vermont		[5, 5, 1, 3, 14]
4114142	0		Georgetown		[3, 1, 0, 0, 4]
4114142	1		Villanova		[2, 2, 7, 5, 16]
4114198	0		Harvard		[3, 1, 5, 4, 13]
4114198	1		Penn		[4, 2, 2, 6, 14]
4114256	0		Bryant		[4, 1, 2, 2, 0, 9]
4114256	1		Saint Joseph's		[1, 3, 2, 3, 1, 10]
4114296	0		Johns Hopkins		[4, 2, 1, 4, 1, 12]
4114296	1		Penn St.		[2, 3, 2, 4, 0, 11]
4114326	0		Canisius		[3, 1, 2, 3, 9]
4114326	1		Quinnipiac		[5, 5, 2, 5, 17]
4114832	0		Holy Cross		[3, 1, 6, 2, 12]
4114832	1		Colgate		[2, 1, 2, 1, 6]
4115117	0		Furman		[2, 1, 2, 5, 10]
4115117	1		Mercer		[4, 2, 0, 6, 12]
4115281	0		Manhattan		[3, 2, 2, 3, 1, 11]
4115281	1		Marist		[4, 1, 5, 0, 0, 10]
4115476	0		Navy		[2, 2, 5, 1, 1, 11]
4115476	1		Army West Point		[2, 4, 2, 2, 0, 10]
4116137	0		Detroit Mercy		[0, 2, 2, 5, 9]
4116137	1		Monmouth		[1, 3, 1, 3, 8]
4116339	0		Cornell		[4, 2, 3, 4, 13]
4116339	1		Lehigh		[1, 6, 4, 1, 12]
4116972	0		Mt. St. Mary's		[3, 2, 0, 2, 7]
4116972	1		Bryant		[6, 4, 0, 2, 12]
4116993	0		Dartmouth		[2, 3, 3, 2, 10]
4116993	1		UMass Lowell		[2, 5, 3, 1, 11]
4116995	0		Providence		[1, 2, 3, 4, 10]
4116995	1		Brown		[2, 4, 7, 3, 16]
4117052	0		Hartford		[4, 0, 3, 2, 9]
4117052	1		Sacred Heart		[1, 1, 1, 5, 8]
4117060	0		Penn		[2, 1, 3, 2, 8]
4117060	1		UMBC		[1, 2, 2, 2, 7]
4117071	0		Navy		[1, 1, 1, 2, 5]
4117071	1		Maryland		[2, 5, 2, 1, 10]
4117072	0		Robert Morris		[3, 7, 2, 3, 15]
4117072	1		Canisius		[1, 2, 0, 3, 6]
4119046	0		Binghamton		[0, 0, 2, 3, 5]
4119046	1		Syracuse		[4, 5, 2, 2, 13]
4119936	0		Brown		[7, 4, 5, 1, 17]
4119936	1		Penn		[1, 1, 1, 3, 6]
4120079	0		Robert Morris		[3, 3, 2, 2, 10]
4120079	1		Hobart and William Smith		[2, 4, 5, 5, 16]
4121881	0		Boston U.		[1, 2, 2, 2, 7]
4121881	1		Holy Cross		[3, 2, 3, 3, 11]
4121889	0		Colgate		[6, 4, 1, 3, 14]
4121889	1		Lafayette		[1, 3, 4, 1, 9]
4121950	0		Marquette		[1, 0, 0, 0, 1]
4121950	1		Duke		[5, 4, 5, 2, 16]
4121988	0		Lehigh		[1, 2, 2, 2, 7]
4121988	1		Bucknell		[5, 2, 3, 5, 15]
4122158	0		High Point		[3, 4, 1, 2, 10]
4122158	1		Furman		[3, 1, 1, 0, 5]
4122185	0		Albany (NY)		[4, 3, 4, 2, 1, 14]
4122185	1		Yale		[3, 3, 4, 3, 0, 13]
4122257	0		Villanova		[2, 7, 4, 5, 18]
4122257	1		St. John's (NY)		[5, 2, 4, 2, 13]
4122367	0		Saint Joseph's		[0, 3, 4, 1, 8]
4122367	1		Robert Morris		[2, 3, 3, 5, 13]
4122387	0		Bellarmine		[5, 2, 4, 4, 15]
4122387	1		VMI		[1, 0, 0, 5, 6]
4122390	0		Drexel		[0, 2, 2, 1, 1, 6]
4122390	1		Delaware		[2, 1, 0, 2, 0, 5]
4122600	0		Quinnipiac		[2, 2, 3, 1, 8]
4122600	1		Monmouth		[1, 2, 1, 1, 5]
4122964	0		Notre Dame		[6, 2, 6, 1, 15]
4122964	1		North Carolina		[3, 5, 1, 8, 17]
4123072	0		Detroit Mercy		[2, 2, 0, 2, 6]
4123072	1		Bellarmine		[4, 2, 1, 0, 7]
4123074	0		Detroit Mercy		[1, 2, 2, 3, 8]
4123074	1		Marquette		[1, 2, 4, 3, 10]
4123330	0		Detroit Mercy		[1, 2, 1, 1, 5]
4123330	1		Canisius		[1, 3, 1, 4, 9]
4123498	0		Vermont		[2, 5, 5, 1, 13]
4123498	1		Hartford		[0, 0, 1, 3, 4]
4123603	0		Air Force		[1, 4, 3, 1, 9]
4123603	1		Richmond		[0, 2, 4, 2, 8]
4123607	0		Bellarmine		[0, 3, 2, 2, 7]
4123607	1		Richmond		[4, 2, 3, 1, 10]
4123723	0		Siena		[7, 2, 1, 6, 16]
4123723	1		Manhattan		[5, 1, 2, 3, 11]
4123727	0		Fairfield		[2, 1, 3, 5, 11]
4123727	1		Towson		[5, 5, 3, 5, 18]
4123870	0		Stony Brook		[4, 6, 0, 6, 16]
4123870	1		Binghamton		[0, 3, 3, 5, 11]
4123922	0		UMBC		[1, 2, 3, 2, 1, 9]
4123922	1		UMass Lowell		[4, 2, 1, 1, 0, 8]
4125177	0		Johns Hopkins		[4, 7, 3, 5, 19]
4125177	1		Michigan		[2, 3, 5, 3, 13]
4125255	0		Marist		[6, 1, 6, 1, 14]
4125255	1		NJIT		[2, 3, 1, 4, 10]
4125562	0		Mercer		[2, 4, 3, 3, 12]
4125562	1		Jacksonville		[1, 2, 1, 1, 5]
4126415	0		Princeton		[3, 4, 0, 5, 12]
4126415	1		Harvard		[3, 4, 3, 6, 16]
4127002	0		Michigan		[3, 0, 1, 3, 7]
4127002	1		Ohio St.		[2, 2, 2, 4, 10]
4127159	0		Penn St.		[6, 1, 6, 1, 14]
4127159	1		Rutgers		[1, 6, 4, 4, 15]
4127376	0		Denver		[3, 3, 3, 8, 17]
4127376	1		Providence		[3, 2, 0, 2, 7]
4128017	0		Virginia		[2, 3, 0, 3, 8]
4128017	1		Georgetown		[1, 1, 2, 3, 7]
4128122	0		Ohio St.		[4, 1, 1, 2, 8]
4128122	1		Maryland		[3, 3, 4, 0, 10]
4128452	0		Bryant		[3, 1, 3, 2, 9]
4128452	1		Sacred Heart		[0, 0, 0, 3, 3]
4128484	0		Holy Cross		[0, 1, 4, 2, 7]
4128484	1		Bucknell		[4, 5, 1, 3, 13]
4128501	0		Siena		[2, 2, 3, 1, 8]
4128501	1		Albany (NY)		[3, 4, 4, 6, 17]
4128564	0		Saint Joseph's		[2, 5, 1, 0, 1, 9]
4128564	1		Penn		[3, 1, 1, 3, 0, 8]
4128817	0		Lehigh		[2, 2, 2, 0, 6]
4128817	1		Army West Point		[5, 3, 2, 3, 13]
4129139	0		Army West Point		[1, 3, 1, 1, 6]
4129139	1		Loyola Maryland		[3, 5, 3, 1, 12]
4129817	0		Dartmouth		[1, 0, 0, 2, 3]
4129817	1		Brown		[3, 2, 9, 2, 16]
4132551	0		Massachusetts		[1, 1, 2, 1, 5]
4132551	1		Drexel		[3, 2, 1, 4, 10]
4132606	0		Syracuse		[3, 3, 2, 2, 10]
4132606	1		North Carolina		[0, 4, 0, 3, 7]
4132689	0		Army West Point		[2, 0, 3, 4, 9]
4132689	1		Navy		[0, 0, 2, 1, 3]
4132691	0		Bucknell		[1, 1, 1, 3, 0, 0, 6]
4132691	1		Loyola Maryland		[2, 1, 1, 2, 0, 1, 7]
4132852	0		Robert Morris		[4, 3, 5, 6, 18]
4132852	1		Wagner		[1, 4, 2, 5, 12]
4132943	0		Sacred Heart		[3, 2, 1, 4, 10]
4132943	1		Hobart and William Smith		[6, 2, 1, 6, 15]
4132944	0		Fairfield		[3, 0, 1, 6, 10]
4132944	1		Delaware		[2, 2, 0, 1, 5]
4132964	0		Manhattan		[1, 0, 2, 0, 3]
4132964	1		Quinnipiac		[2, 4, 2, 2, 10]
4132967	0		Cornell		[3, 1, 1, 1, 6]
4132967	1		Princeton		[3, 3, 0, 1, 7]
4133072	0		NJIT		[3, 3, 0, 0, 0, 6]
4133072	1		UMass Lowell		[2, 2, 0, 2, 1, 7]
4133087	0		Towson		[1, 1, 4, 2, 8]
4133087	1		Hofstra		[1, 1, 5, 0, 7]
4133129	0		Monmouth		[2, 8, 1, 2, 1, 14]
4133129	1		Siena		[5, 2, 3, 3, 0, 13]
4133258	0		Georgetown		[1, 0, 3, 1, 5]
4133258	1		St. John's (NY)		[5, 1, 0, 2, 8]
4133283	0		Mt. St. Mary's		[1, 2, 1, 1, 5]
4133283	1		Saint Joseph's		[5, 5, 0, 2, 12]
4133500	0		Air Force		[2, 5, 2, 2, 11]
4133500	1		Jacksonville		[3, 1, 0, 2, 6]
4133501	0		Richmond		[3, 3, 2, 4, 12]
4133501	1		Mercer		[3, 1, 1, 1, 6]
4133517	0		Furman		[2, 2, 0, 4, 8]
4133517	1		Bellarmine		[5, 1, 3, 6, 15]
4133945	0		Brown		[4, 5, 7, 3, 19]
4133945	1		Virginia		[3, 5, 0, 3, 11]
4134067	0		Marquette		[3, 3, 0, 5, 11]
4134067	1		Denver		[2, 4, 6, 2, 14]
4134087	0		Michigan		[2, 4, 2, 1, 9]
4134087	1		Penn St.		[3, 6, 2, 3, 14]
4134188	0		Providence		[2, 2, 0, 3, 7]
4134188	1		Villanova		[5, 1, 3, 5, 14]
4134475	0		Harvard		[3, 1, 3, 1, 8]
4134475	1		Yale		[0, 3, 1, 5, 9]
4134555	0		Army West Point		[2, 2, 1, 1, 6]
4134555	1		Loyola Maryland		[6, 1, 5, 2, 14]
4134628	0		Marist		[2, 5, 3, 4, 14]
4134628	1		Detroit Mercy		[0, 0, 2, 1, 3]
4134681	0		Syracuse		[3, 3, 2, 6, 14]
4134681	1		Duke		[2, 3, 2, 1, 8]
4135073	0		Maryland		[3, 2, 3, 3, 11]
4135073	1		Johns Hopkins		[2, 2, 2, 2, 8]
4135157	0		VMI		[0, 2, 0, 4, 6]
4135157	1		High Point		[7, 5, 3, 5, 20]
4135328	0		Hartford		[3, 3, 1, 1, 8]
4135328	1		Stony Brook		[3, 3, 6, 4, 16]
4135417	0		Albany (NY)		[6, 4, 3, 1, 1, 15]
4135417	1		UMBC		[2, 1, 5, 6, 0, 14]
4135857	0		Rutgers		[2, 2, 3, 3, 10]
4135857	1		Ohio St.		[5, 3, 2, 2, 12]
4138825	0		Canisius		[0, 2, 4, 1, 7]
4138825	1		Quinnipiac		[3, 4, 3, 3, 13]
4139142	0		Monmouth		[3, 1, 1, 2, 7]
4139142	1		Marist		[1, 3, 1, 3, 8]
4139213	0		Robert Morris		[2, 1, 2, 2, 7]
4139213	1		Saint Joseph's		[0, 2, 4, 8, 14]
4139261	0		Penn St.		[2, 3, 2, 2, 9]
4139261	1		Maryland		[6, 4, 4, 2, 16]
4139279	0		Hartford		[3, 2, 1, 4, 1, 11]
4139279	1		Albany (NY)		[3, 2, 2, 3, 0, 10]
4139296	0		Rutgers		[5, 3, 4, 2, 14]
4139296	1		Johns Hopkins		[6, 2, 3, 1, 12]
4139300	0		Providence		[2, 2, 2, 2, 8]
4139300	1		Denver		[3, 6, 5, 3, 17]
4139416	0		Vermont		[1, 2, 4, 3, 10]
4139416	1		Stony Brook		[4, 1, 3, 1, 9]
4139419	0		Bellarmine		[2, 2, 1, 3, 8]
4139419	1		Air Force		[2, 2, 2, 4, 10]
4139461	0		Brown		[6, 4, 4, 8, 22]
4139461	1		Cornell		[1, 2, 1, 1, 5]
4139636	0		High Point		[2, 1, 2, 1, 6]
4139636	1		Richmond		[4, 4, 3, 6, 17]
4139923	0		Hampton		[0, 0, 4, 0, 4]
4139923	1		VMI		[5, 8, 9, 3, 25]
4140013	0		Hofstra		[1, 3, 2, 2, 8]
4140013	1		Fairfield		[3, 2, 3, 3, 11]
4140027	0		Drexel		[2, 0, 3, 1, 6]
4140027	1		Towson		[5, 1, 2, 2, 10]
4140359	0		Penn		[1, 2, 2, 1, 6]
4140359	1		Yale		[2, 3, 1, 1, 7]
4140649	0		Marist		[3, 3, 2, 1, 9]
4140649	1		Quinnipiac		[6, 2, 4, 1, 13]
4140762	0		Fairfield		[0, 2, 0, 0, 2]
4140762	1		Towson		[0, 0, 3, 1, 4]
4141074	0		Colgate		[0, 1, 0, 2, 3]
4141074	1		Syracuse		[4, 3, 8, 3, 18]
4141129	0		Marquette		[1, 2, 6, 1, 10]
4141129	1		Denver		[2, 5, 0, 2, 9]
4141150	0		Richmond		[2, 2, 1, 3, 0, 8]
4141150	1		Air Force		[2, 2, 1, 3, 1, 9]
4141236	0		Rutgers		[2, 3, 2, 1, 8]
4141236	1		Maryland		[5, 4, 4, 1, 14]
4141458	0		Hobart and William Smith		[2, 4, 0, 1, 7]
4141458	1		Bryant		[1, 2, 2, 1, 6]
4141467	0		Harvard		[1, 4, 5, 3, 13]
4141467	1		Brown		[3, 5, 0, 4, 12]
4141549	0		Hobart and William Smith		[4, 2, 3, 2, 11]
4141549	1		Saint Joseph's		[1, 3, 2, 1, 7]
4141835	0		Harvard		[4, 2, 2, 1, 9]
4141835	1		Yale		[4, 3, 3, 4, 14]
4142467	0		VMI		[2, 0, 0, 0, 2]
4142467	1		Jacksonville		[3, 6, 1, 4, 14]
4142640	0		Hartford		[4, 6, 3, 4, 17]
4142640	1		Vermont		[7, 1, 3, 5, 16]
4143585	0		Villanova		[8, 8, 3, 4, 23]
4143585	1		Delaware		[0, 4, 5, 4, 13]
4143696	0		Sacred Heart		[1, 0, 1, 6, 0, 8]
4143696	1		Vermont		[3, 3, 0, 2, 1, 9]
4143869	0		Duke		[1, 7, 4, 3, 15]
4143869	1		Boston U.		[1, 2, 1, 4, 8]
4143901	0		Hobart and William Smith Colleges		[1, 1, 0, 3, 5]
4143901	1		Towson		[6, 1, 6, 5, 18]
4143951	0		Hartford		[1, 2, 3, 3, 9]
4143951	1		Quinnipiac		[4, 2, 6, 2, 14]
4144010	0		Penn		[3, 1, 3, 4, 11]
4144010	1		Dartmouth		[2, 0, 1, 1, 4]
4145283	0		Duke		[0, 1, 5, 3, 1, 10]
4145283	1		Notre Dame		[1, 2, 5, 1, 0, 9]
4145308	0		Army West Point		[2, 0, 1, 4, 7]
4145308	1		Notre Dame		[4, 5, 2, 2, 13]
4146496	0		Penn		[3, 2, 2, 3, 10]
4146496	1		Virginia		[3, 3, 5, 4, 15]
4146596	0		Villanova		[2, 1, 4, 2, 9]
4146596	1		Marquette		[4, 3, 4, 3, 14]
4148296	0		St. John's (NY)		[1, 2, 4, 3, 10]
4148296	1		Denver		[5, 4, 6, 2, 17]
4148977	0		Wagner		[1, 0, 1, 1, 3]
4148977	1		Mt. St. Mary's		[1, 1, 3, 2, 7]
4149209	0		Air Force		[5, 3, 1, 2, 11]
4149209	1		Robert Morris		[2, 1, 3, 4, 10]
4150916	0		Binghamton		[4, 3, 0, 2, 9]
4150916	1		Vermont		[0, 5, 4, 8, 17]
4152956	0		Delaware		[1, 1, 2, 1, 5]
4152956	1		Bucknell		[4, 3, 4, 2, 13]
4152996	0		Colgate		[1, 2, 2, 1, 6]
4152996	1		Boston U.		[3, 3, 2, 3, 11]
4153016	0		Navy		[3, 1, 1, 4, 0, 0, 9]
4153016	1		Boston U.		[2, 1, 4, 2, 0, 1, 10]
4153136	0		Hobart and William Smith		[2, 0, 0, 0, 2]
4153136	1		Bryant		[4, 3, 5, 3, 15]
4153238	0		UMBC		[2, 1, 0, 4, 7]
4153238	1		Ohio St.		[2, 4, 3, 3, 12]
4153239	0		Notre Dame		[2, 1, 4, 2, 9]
4153239	1		Ohio St.		[3, 1, 0, 4, 8]
4153240	0		Bellarmine		[2, 0, 1, 2, 5]
4153240	1		Ohio St.		[2, 4, 0, 3, 9]
4153476	0		Hofstra		[4, 2, 1, 2, 1, 10]
4153476	1		Massachusetts		[3, 2, 3, 1, 0, 9]
4153537	0		Penn		[1, 3, 1, 3, 8]
4153537	1		Villanova		[3, 1, 6, 6, 16]
4153578	0		Drexel		[5, 3, 2, 4, 14]
4153578	1		Bryant		[2, 1, 2, 0, 5]
4186796	0		Sacred Heart		[1, 1, 2, 4, 8]
4186796	1		Stony Brook		[5, 5, 4, 3, 17]
4203765	0		Sacred Heart		[0, 1, 0, 0, 1]
4203765	1		Navy		[4, 1, 2, 0, 7]
4302384	0		Quinnipiac		[2, 1, 1, 2, 6]
4302384	1		Maryland		[5, 2, 5, 1, 13]
4302385	0		North Carolina		[6, 1, 3, 3, 1, 14]
4302385	1		Maryland		[5, 3, 2, 3, 0, 13]
4302387	0		Albany (NY)		[3, 3, 1, 2, 9]
4302387	1		Syracuse		[1, 1, 5, 4, 11]
4302389	0		Johns Hopkins		[0, 2, 1, 5, 8]
4302389	1		Brown		[2, 4, 8, 3, 17]
4302390	0		Navy		[3, 1, 2, 4, 10]
4302390	1		Brown		[4, 2, 2, 3, 11]
4302398	0		Syracuse		[1, 2, 3, 1, 7]
4302398	1		Maryland		[4, 3, 2, 4, 13]
4302399	0		Brown		[5, 3, 1, 5, 0, 14]
4302399	1		Maryland		[5, 4, 3, 2, 1, 15]
4302400	0		Air Force		[2, 2, 1, 2, 7]
4302400	1		Notre Dame		[3, 6, 4, 2, 15]
4302401	0		Duke		[2, 4, 3, 2, 11]
4302401	1		Loyola Maryland		[4, 5, 3, 4, 16]
4302412	0		North Carolina		[3, 3, 5, 2, 13]
4302412	1		Notre Dame		[2, 0, 1, 6, 9]
4302413	0		North Carolina		[2, 4, 3, 1, 10]
4302413	1		Marquette		[3, 2, 2, 2, 9]
4302414	0		North Carolina		[9, 5, 2, 2, 18]
4302414	1		Loyola Maryland		[2, 3, 3, 5, 13]
4302418	0		Towson		[2, 3, 2, 3, 10]
4302418	1		Denver		[1, 2, 2, 4, 9]
4302419	0		Towson		[2, 2, 3, 1, 8]
4302419	1		Loyola Maryland		[4, 2, 3, 1, 10]
4302422	0		Navy		[2, 5, 2, 4, 13]
4302422	1		Yale		[4, 3, 1, 2, 10]
4527066	0		Georgetown		[1, 3, 1, 2, 7]
4527066	1		Towson		[4, 2, 2, 2, 10]
4527081	0		Hobart and William Smith		[3, 1, 5, 1, 10]
4527081	1		Georgetown		[2, 1, 2, 4, 9]
