year	year_id	team_id	team_name	position	player_id	player_name	player_url	class_year	gp	gs	g	gs2	goals	assists	points	shots	shot_pct	sog	sog_pct	gwg	man-up_g	man-down_g	gb	to	ct	fo_won	fos_taken	fo_pct	pen	pen_time	ggp	ggs	g_min	goals_allowed	gaa	saves	save_pct	rc	yc	clears	att	clear_pct
2016	12380	721	Air Force	8	1538736	Smith, Austin	http://stats.ncaa.org/player/index?game_sport_year_ctl_id=12380&stats_player_seq=1538736	Jr	18	0	18		13	4	17	38	0.342	21	0.553	2	1		13	14	1																	
2016	12380	721	Air Force	28	1538740	Ward, Marcus	http://stats.ncaa.org/player/index?game_sport_year_ctl_id=12380&stats_player_seq=1538740	Jr	18	0	18		9	4	13	51	0.176	23	0.451	2			8	12	2				1	30												
2016	12380	721	Air Force	12	1656151	Walsch, Chris	http://stats.ncaa.org/player/index?game_sport_year_ctl_id=12380&stats_player_seq=1656151	So	18	18	18	18	35	29	64	98	0.357	65	0.663	4	2		23	26	7	1	1	1.000	4	180												
2016	12380	721	Air Force	20	1428713	Warden, Alex	http://stats.ncaa.org/player/index?game_sport_year_ctl_id=12380&stats_player_seq=1428713	Sr	18	18	18	18	1		1	3	0.333	1	0.333				35	11	25				6	360												
2016	12380	721	Air Force	34	1656157	LaVine, Sean	http://stats.ncaa.org/player/index?game_sport_year_ctl_id=12380&stats_player_seq=1656157	So	18	17	18	17		1	1								23	6	12				5	240												
2016	12380	721	Air Force	37	1656159	Gould, Grant	http://stats.ncaa.org/player/index?game_sport_year_ctl_id=12380&stats_player_seq=1656159	So	18	4	18	4	5	4	9	31	0.161	16	0.516				11	12	2																	
2016	12380	721	Air Force	42	1656160	Radjenovich, Josh	http://stats.ncaa.org/player/index?game_sport_year_ctl_id=12380&stats_player_seq=1656160	So	18	0	18		5		5	9	0.556	7	0.778				86	12	2	168	314	0.535	2	60												
2016	12380	721	Air Force	0	1765666	Hemme, Jeremiah	http://stats.ncaa.org/player/index?game_sport_year_ctl_id=12380&stats_player_seq=1765666	N/A	18	0	18				0	1							15	3	4				1	60												
2016	12380	721	Air Force	35	1765668	Carter, Cameron	http://stats.ncaa.org/player/index?game_sport_year_ctl_id=12380&stats_player_seq=1765668	N/A	18	16	18	16	11	10	21	34	0.324	24	0.706	1			21	23	1				4	180												
2016	12380	721	Air Force	45	1765670	Jones, Brandon	http://stats.ncaa.org/player/index?game_sport_year_ctl_id=12380&stats_player_seq=1765670	N/A	18	18	18	18			0	3		3	1.000				44	9	27				3	120												
2016	12380	721	Air Force	49	1765671	Wheeler, Roman	http://stats.ncaa.org/player/index?game_sport_year_ctl_id=12380&stats_player_seq=1765671	N/A	18	0	18				0								13	2	7				3	180												
2016	12380	721	Air Force	6	1428725	Gouchoe, Doug	http://stats.ncaa.org/player/index?game_sport_year_ctl_id=12380&stats_player_seq=1428725	Sr	18	18	18	18	1	1	2	3	0.333	1	0.333				39	6	2						18	18	65,058	135	7.470	163	0.547					
2016	12380	721	Air Force	23	1428724	Leathers, Luke	http://stats.ncaa.org/player/index?game_sport_year_ctl_id=12380&stats_player_seq=1428724	Sr	18	0	18				0	5		1	0.200				22	4	9				2	120												
2016	12380	721	Air Force	26	1428715	Allen, Christopher	http://stats.ncaa.org/player/index?game_sport_year_ctl_id=12380&stats_player_seq=1428715	Sr	18	18	18	18	31	6	37	94	0.330	47	0.500	2	4		8	11	2																	
2016	12380	721	Air Force	4	1656148	Hruby, Nick	http://stats.ncaa.org/player/index?game_sport_year_ctl_id=12380&stats_player_seq=1656148	So	18	18	18	18	27	15	42	71	0.380	49	0.690	1			19	33	8				7	300												
2016	12380	721	Air Force	7	1656149	Matarazzo, Joe	http://stats.ncaa.org/player/index?game_sport_year_ctl_id=12380&stats_player_seq=1656149	So	17	0	17		1		1	6	0.167	2	0.333	1			14	7	6				6	270												
2016	12380	721	Air Force	36	1656158	Tien, Andrew	http://stats.ncaa.org/player/index?game_sport_year_ctl_id=12380&stats_player_seq=1656158	So	17	17	17	17	20	8	28	47	0.426	34	0.723	1	6		8	10																		
2016	12380	721	Air Force	22	1428714	Brown, Danny	http://stats.ncaa.org/player/index?game_sport_year_ctl_id=12380&stats_player_seq=1428714	Sr	16	14	16	14	10	5	15	34	0.294	22	0.647	1			5	15	1				1	60												
2016	12380	721	Air Force	50	1428728	Duenes, Matthew	http://stats.ncaa.org/player/index?game_sport_year_ctl_id=12380&stats_player_seq=1428728	Sr	14	1	14	1	3	1	4	16	0.188	8	0.500				4	6	1																	
2016	12380	721	Air Force	48	1428726	Lindell, Jake	http://stats.ncaa.org/player/index?game_sport_year_ctl_id=12380&stats_player_seq=1428726	Sr	12	1	12	1			0								7																			
2016	12380	721	Air Force	32	1538733	Payne, Zach	http://stats.ncaa.org/player/index?game_sport_year_ctl_id=12380&stats_player_seq=1538733	Jr	12	0	12			3	3	2		1	0.500				1	2					1	60												
2016	12380	721	Air Force	9	1428721	Collier, Shelton	http://stats.ncaa.org/player/index?game_sport_year_ctl_id=12380&stats_player_seq=1428721	Sr	11	1	11	1	3		3	15	0.200	9	0.600				4	5																		
2016	12380	721	Air Force	33	1765667	Harper, Trent	http://stats.ncaa.org/player/index?game_sport_year_ctl_id=12380&stats_player_seq=1765667	N/A	9	0	9				0								6			25	59	0.424	1	30												
2016	12380	721	Air Force	39	1778208	Baker, Tim	http://stats.ncaa.org/player/index?game_sport_year_ctl_id=12380&stats_player_seq=1778208	N/A	8	0	8		1		1	4	0.250	4	1.000					2																		
2016	12380	721	Air Force	19	1538725	Anigian, Barrett	http://stats.ncaa.org/player/index?game_sport_year_ctl_id=12380&stats_player_seq=1538725	Jr	8	0	8		1	1	2	10	0.100	5	0.500				1	1																		
2016	12380	721	Air Force	38	1765669	Ekpenyong, Malik	http://stats.ncaa.org/player/index?game_sport_year_ctl_id=12380&stats_player_seq=1765669	N/A	7	0	7		1		1	2	0.500	1	0.500					1					1	60												
2016	12380	721	Air Force	11	1656150	Forrest, Nick	http://stats.ncaa.org/player/index?game_sport_year_ctl_id=12380&stats_player_seq=1656150	So	7	0	7				0	4		3	0.750					4																		
2016	12380	721	Air Force	18	1778217	Pung, Christian	http://stats.ncaa.org/player/index?game_sport_year_ctl_id=12380&stats_player_seq=1778217	N/A	7	0	7				0								3		1																	
2016	12380	721	Air Force	24	1656154	Larkin, Sheamus	http://stats.ncaa.org/player/index?game_sport_year_ctl_id=12380&stats_player_seq=1656154	So	5	0	5		1	1	2	1	1.000	1	1.000				1			1	1	1.000														
2016	12380	721	Air Force	15	1778206	Rohrbach, Roman	http://stats.ncaa.org/player/index?game_sport_year_ctl_id=12380&stats_player_seq=1778206	N/A	5	0	5		1		1	2	0.500	2	1.000					1																		
2016	12380	721	Air Force	46	1778209	Lee, Fitzhugh	http://stats.ncaa.org/player/index?game_sport_year_ctl_id=12380&stats_player_seq=1778209	N/A	5	0	5				0								1								3		947	3	11.404	7	0.700					
2016	12380	721	Air Force	30	1656156	Siegel, Andrew	http://stats.ncaa.org/player/index?game_sport_year_ctl_id=12380&stats_player_seq=1656156	So	5	0	5				0	1								1		2	3	0.667														
2016	12380	721	Air Force	10	1538734	Rose, Mitch	http://stats.ncaa.org/player/index?game_sport_year_ctl_id=12380&stats_player_seq=1538734	Jr	4	0	4				0														2	90												
2016	12380	721	Air Force	16	1656153	Goldstein, Chuck	http://stats.ncaa.org/player/index?game_sport_year_ctl_id=12380&stats_player_seq=1656153	So	4	0	4		1		1	1	1.000	1	1.000				3	1																		
2016	12380	721	Air Force	43	1781939	Flynn, Jack	http://stats.ncaa.org/player/index?game_sport_year_ctl_id=12380&stats_player_seq=1781939	N/A	4	0	4				0														1	60												
2016	12380	721	Air Force	29	1781938	Taucher, Logan	http://stats.ncaa.org/player/index?game_sport_year_ctl_id=12380&stats_player_seq=1781938	N/A	4	1	4	1			0																											
2016	12380	721	Air Force	27	1781065	Gillund, Blake	http://stats.ncaa.org/player/index?game_sport_year_ctl_id=12380&stats_player_seq=1781065	N/A	4	0	4				0									1		1	2	0.500														
2016	12380	721	Air Force	23	1778207	Swartzman, Isaac	http://stats.ncaa.org/player/index?game_sport_year_ctl_id=12380&stats_player_seq=1778207	N/A	4	0	4				0																											
2016	12380	721	Air Force	41	1774454	Alvino, Ernie	http://stats.ncaa.org/player/index?game_sport_year_ctl_id=12380&stats_player_seq=1774454	N/A	3	0	3				0	1		1	1.000												1		101	1	35.644							
2016	12380	721	Air Force	40	1538738	Swartzman, Josh	http://stats.ncaa.org/player/index?game_sport_year_ctl_id=12380&stats_player_seq=1538738	Jr	2	0	2				0										2																	
2016	12380	721	Air Force	16	1778216	Redfearn, Joey	http://stats.ncaa.org/player/index?game_sport_year_ctl_id=12380&stats_player_seq=1778216	N/A	2	0	2				0																											
2016	12380	721	Air Force	41	1538723	Accardi, Nicholas	http://stats.ncaa.org/player/index?game_sport_year_ctl_id=12380&stats_player_seq=1538723	Jr	1	0	1				0																											
2016	12380	721	Air Force	51	1538724	Albyn, Will	http://stats.ncaa.org/player/index?game_sport_year_ctl_id=12380&stats_player_seq=1538724	Jr	1	0	1				0																											
2016	12380	721	Air Force	37	1783580	Parker, Stephen	http://stats.ncaa.org/player/index?game_sport_year_ctl_id=12380&stats_player_seq=1783580	N/A	1	0	1				0																											
2016	12380	721	Air Force	21	1783763	Hahn, Matt	http://stats.ncaa.org/player/index?game_sport_year_ctl_id=12380&stats_player_seq=1783763	N/A	1	0	1				0	1		1	1.000																							
2016	12380	721	Air Force	3	1778205	Abrams, Marcus	http://stats.ncaa.org/player/index?game_sport_year_ctl_id=12380&stats_player_seq=1778205	N/A	1	0	1				0									1																		
2016	12380	721	Air Force	17	1783762	Finley, Hanson	http://stats.ncaa.org/player/index?game_sport_year_ctl_id=12380&stats_player_seq=1783762	N/A	1	0	1				0																											
2016	12380	14	Albany (NY)	17	1532273	Osika, Adam	http://stats.ncaa.org/player/index?game_sport_year_ctl_id=12380&stats_player_seq=1532273	Jr	16	14	16	14	11	2	13	35	0.314	20	0.571				18	8	4				1	30												
2016	12380	14	Albany (NY)	5	1643153	Fields, Connor	http://stats.ncaa.org/player/index?game_sport_year_ctl_id=12380&stats_player_seq=1643153	So	16	16	16	16	44	29	73	123	0.358	81	0.659	4	3		26	23	5				2	90												
2016	12380	14	Albany (NY)	29	1760849	Ornstein, Zack	http://stats.ncaa.org/player/index?game_sport_year_ctl_id=12380&stats_player_seq=1760849	Fr	16	0	16		2	3	5	15	0.133	7	0.467	1			92	14		190	342	0.556	2	90												
2016	12380	14	Albany (NY)	10	1440259	Riorden, Blaze	http://stats.ncaa.org/player/index?game_sport_year_ctl_id=12380&stats_player_seq=1440259	Sr	16	16	16	16			0								47	7	12						16	16	56,901	153	9.680	199	0.565					
2016	12380	14	Albany (NY)	15	1445575	Babcock, Josh	http://stats.ncaa.org/player/index?game_sport_year_ctl_id=12380&stats_player_seq=1445575	Sr	16	15	16	15			0								7	2	9				4	240												
2016	12380	14	Albany (NY)	24	1445578	McNally, Kevin	http://stats.ncaa.org/player/index?game_sport_year_ctl_id=12380&stats_player_seq=1445578	Jr	16	0	16		5	1	6	20	0.250	10	0.500	1			7	8	2				1	30												
2016	12380	14	Albany (NY)	37	1760843	Dluhy, Erik	http://stats.ncaa.org/player/index?game_sport_year_ctl_id=12380&stats_player_seq=1760843	Fr	16	2	16	2			0	1							11	2	5				1	60												
2016	12380	14	Albany (NY)	0	1446813	Maloney, John	http://stats.ncaa.org/player/index?game_sport_year_ctl_id=12380&stats_player_seq=1446813	Sr	16	14	16	14	20	18	38	49	0.408	35	0.714		6	1	39	25	9				3	120												
2016	12380	14	Albany (NY)	50	1532261	Burdette, James	http://stats.ncaa.org/player/index?game_sport_year_ctl_id=12380&stats_player_seq=1532261	Jr	16	14	16	14			0								18	3	10				3	180												
2016	12380	14	Albany (NY)	21	1652480	Oakes, Seth	http://stats.ncaa.org/player/index?game_sport_year_ctl_id=12380&stats_player_seq=1652480	Jr	16	16	16	16	44	11	55	128	0.344	77	0.602	3	2		19	22	4				3	180												
2016	12380	14	Albany (NY)	7	1532263	Cullen, Jake	http://stats.ncaa.org/player/index?game_sport_year_ctl_id=12380&stats_player_seq=1532263	Jr	16	0	16		6	3	9	18	0.333	14	0.778		3			4																		
2016	12380	14	Albany (NY)	88	1532264	Drake, Bennett	http://stats.ncaa.org/player/index?game_sport_year_ctl_id=12380&stats_player_seq=1532264	Jr	16	0	16		16	13	29	42	0.381	25	0.595		4		11	16	1																	
2016	12380	14	Albany (NY)	8	1322915	Eccles, Derrick	http://stats.ncaa.org/player/index?game_sport_year_ctl_id=12380&stats_player_seq=1322915	Sr	16	1	16	1	6	4	10	19	0.316	8	0.421	1			7	5	1																	
2016	12380	14	Albany (NY)	6	1643159	Reh, Troy	http://stats.ncaa.org/player/index?game_sport_year_ctl_id=12380&stats_player_seq=1643159	So	16	1	16	1		1	1	1		1	1.000				47	2	17	5	20	0.250	2	90												
2016	12380	14	Albany (NY)	12	1643158	Reh, Justin	http://stats.ncaa.org/player/index?game_sport_year_ctl_id=12380&stats_player_seq=1643158	So	16	16	16	16	22	19	41	45	0.489	34	0.756				13	17	4				3	90												
2016	12380	14	Albany (NY)	40	1643157	McClancy, Kyle	http://stats.ncaa.org/player/index?game_sport_year_ctl_id=12380&stats_player_seq=1643157	So	16	16	16	16	4	11	15	25	0.160	12	0.480	1			27	13	6				2	90												
2016	12380	14	Albany (NY)	45	1643155	Kluck, AJ	http://stats.ncaa.org/player/index?game_sport_year_ctl_id=12380&stats_player_seq=1643155	So	16	2	16	2		1	1	2							22	6	10	1	8	0.125	2	120												
2016	12380	14	Albany (NY)	41	1532269	Lasda, Eli	http://stats.ncaa.org/player/index?game_sport_year_ctl_id=12380&stats_player_seq=1532269	Jr	16	2	16	2	10	5	15	38	0.263	18	0.474				5	10	2																	
2016	12380	14	Albany (NY)	18	1643160	Roundpoint, Dalton	http://stats.ncaa.org/player/index?game_sport_year_ctl_id=12380&stats_player_seq=1643160	So	15	0	15				0								3	3					2	90												
2016	12380	14	Albany (NY)	25	1643162	Sims, Stone	http://stats.ncaa.org/player/index?game_sport_year_ctl_id=12380&stats_player_seq=1643162	So	15	15	15	15	1		1	1	1.000	1	1.000				16	3	16				7	330												
2016	12380	14	Albany (NY)	36	1643151	Eddinger, Joe	http://stats.ncaa.org/player/index?game_sport_year_ctl_id=12380&stats_player_seq=1643151	So	15	0	15				0								3		4																	
2016	12380	14	Albany (NY)	11	1445579	Erickson, Harry	http://stats.ncaa.org/player/index?game_sport_year_ctl_id=12380&stats_player_seq=1445579	Sr	15	0	15			1	1								4	2	5	1	4	0.250	2	120												
2016	12380	14	Albany (NY)	38	1760844	Eccles, Sean	http://stats.ncaa.org/player/index?game_sport_year_ctl_id=12380&stats_player_seq=1760844	Fr	14	0	14		9	2	11	14	0.643	11	0.786	1	9			1																		
2016	12380	14	Albany (NY)	23	1760842	Burgmaster, Jack	http://stats.ncaa.org/player/index?game_sport_year_ctl_id=12380&stats_player_seq=1760842	Fr	13	0	13		3	4	7	11	0.273	6	0.545				3	3	2				4	210												
2016	12380	14	Albany (NY)	30	1532265	Glancy, John	http://stats.ncaa.org/player/index?game_sport_year_ctl_id=12380&stats_player_seq=1532265	Jr	9	0	9		3	4	7	13	0.231	6	0.462				2	1	3				1	30												
2016	12380	14	Albany (NY)	32	1643163	Wolfe, Zach	http://stats.ncaa.org/player/index?game_sport_year_ctl_id=12380&stats_player_seq=1643163	So	9	0	9			1	1								1		1				1	30												
2016	12380	14	Albany (NY)	19	1532274	Russell, Connor	http://stats.ncaa.org/player/index?game_sport_year_ctl_id=12380&stats_player_seq=1532274	Jr	7	0	7				0								4			9	29	0.310														
2016	12380	14	Albany (NY)	4	1760846	Hill, Chaunce	http://stats.ncaa.org/player/index?game_sport_year_ctl_id=12380&stats_player_seq=1760846	Fr	7	0	7				0									1		1	11	0.091														
2016	12380	14	Albany (NY)	26	1643164	Zelen, Justin	http://stats.ncaa.org/player/index?game_sport_year_ctl_id=12380&stats_player_seq=1643164	So	6	0	6		1		1	2	0.500	1	0.500				1	1					2	90												
2016	12380	14	Albany (NY)	20	1760851	Taylor, Noah	http://stats.ncaa.org/player/index?game_sport_year_ctl_id=12380&stats_player_seq=1760851	Fr	5	0	5			1	1	2							1	1																		
2016	12380	14	Albany (NY)	2	1643150	Dutkanych, Carson	http://stats.ncaa.org/player/index?game_sport_year_ctl_id=12380&stats_player_seq=1643150	Fr	4	0	4				0									6																		
2016	12380	14	Albany (NY)	43	1643152	Egan, Josh	http://stats.ncaa.org/player/index?game_sport_year_ctl_id=12380&stats_player_seq=1643152	So	3	0	3				0																											
2016	12380	14	Albany (NY)	1	1322952	Fahey, Tyler	http://stats.ncaa.org/player/index?game_sport_year_ctl_id=12380&stats_player_seq=1322952	Sr	3	0	3				0	1		1	1.000				1																			
2016	12380	14	Albany (NY)	34	1760850	Perla, Matt	http://stats.ncaa.org/player/index?game_sport_year_ctl_id=12380&stats_player_seq=1760850	Fr	2	0	2				0																											
2016	12380	14	Albany (NY)	13	1760848	Lyons, Colyn	http://stats.ncaa.org/player/index?game_sport_year_ctl_id=12380&stats_player_seq=1760848	Fr	2	0	2				0																											
2016	12380	14	Albany (NY)	44	1448962	Aycock, Tyler	http://stats.ncaa.org/player/index?game_sport_year_ctl_id=12380&stats_player_seq=1448962	Sr	2	0	2				0																											
2016	12380	14	Albany (NY)	27	1448972	Berger, Justin	http://stats.ncaa.org/player/index?game_sport_year_ctl_id=12380&stats_player_seq=1448972	Sr	2	0	2				0																											
2016	12380	14	Albany (NY)	39	1643149	Cross, Trevor	http://stats.ncaa.org/player/index?game_sport_year_ctl_id=12380&stats_player_seq=1643149	So	2	0	2				0																2		1,200	8	24.000	4	0.333					
2016	12380	14	Albany (NY)	35	1760841	Brown, Alex	http://stats.ncaa.org/player/index?game_sport_year_ctl_id=12380&stats_player_seq=1760841	Fr	1	0	1				0																											
2016	12380	725	Army West Point	12	1768084	Surdick, Johnny	http://stats.ncaa.org/player/index?game_sport_year_ctl_id=12380&stats_player_seq=1768084	Fr	17	0	17		1	1	2	6	0.167	2	0.333				27	2	15				1	60												
2016	12380	725	Army West Point	7	1424129	Mullins, Shea	http://stats.ncaa.org/player/index?game_sport_year_ctl_id=12380&stats_player_seq=1424129	Sr	17	15	17	15	8	4	12	35	0.229	15	0.429	1			6	4	2																	
2016	12380	725	Army West Point	23	1424130	Poulos, Luke	http://stats.ncaa.org/player/index?game_sport_year_ctl_id=12380&stats_player_seq=1424130	Sr	17	0	17		6	2	8	20	0.300	12	0.600	1			6	3	4				3	150												
2016	12380	725	Army West Point	26	1424131	Canara, A.J.	http://stats.ncaa.org/player/index?game_sport_year_ctl_id=12380&stats_player_seq=1424131	Sr	17	0	17			1	1	1							15	3	10				4	150												
2016	12380	725	Army West Point	27	1424137	Finney, Sam	http://stats.ncaa.org/player/index?game_sport_year_ctl_id=12380&stats_player_seq=1424137	Sr	17	17	17	17			0								15	2	13				2	120												
2016	12380	725	Army West Point	48	1424140	Moore, Jimbo	http://stats.ncaa.org/player/index?game_sport_year_ctl_id=12380&stats_player_seq=1424140	Sr	17	17	17	17	17	7	24	62	0.274	31	0.500	2	3		21	21	2																	
2016	12380	725	Army West Point	11	1424143	Schultz, Austin	http://stats.ncaa.org/player/index?game_sport_year_ctl_id=12380&stats_player_seq=1424143	Sr	17	17	17	17			0	1							27	5	16				5	240												
2016	12380	725	Army West Point	77	1424144	Cook, Connor	http://stats.ncaa.org/player/index?game_sport_year_ctl_id=12380&stats_player_seq=1424144	Sr	17	17	17	17	25	8	33	78	0.321	50	0.641	1	5		37	21	4				1	30												
2016	12380	725	Army West Point	88	1424145	Daly, Alex	http://stats.ncaa.org/player/index?game_sport_year_ctl_id=12380&stats_player_seq=1424145	Sr	17	0	17			1	1	1		1	1.000				45	3	1	94	160	0.588	1	30												
2016	12380	725	Army West Point	99	1536540	Grabher, Dan	http://stats.ncaa.org/player/index?game_sport_year_ctl_id=12380&stats_player_seq=1536540	Jr	17	0	17		10	3	13	20	0.500	14	0.700				86	8	5	129	202	0.639	1	30												
2016	12380	725	Army West Point	28	1536542	Johnson, Cole	http://stats.ncaa.org/player/index?game_sport_year_ctl_id=12380&stats_player_seq=1536542	Jr	17	17	17	17	35	38	73	123	0.285	72	0.585	4	1		27	48	4																	
2016	12380	725	Army West Point	13	1536543	Klipstein, Reaves	http://stats.ncaa.org/player/index?game_sport_year_ctl_id=12380&stats_player_seq=1536543	Jr	17	17	17	17		1	1	4							40	5	15				1	60												
2016	12380	725	Army West Point	55	1536544	Krieg, Max	http://stats.ncaa.org/player/index?game_sport_year_ctl_id=12380&stats_player_seq=1536544	Jr	17	0	17		2	2	4	3	0.667	2	0.667				25	5	5				4	120												
2016	12380	725	Army West Point	0	1536546	Littlejohn, Avery	http://stats.ncaa.org/player/index?game_sport_year_ctl_id=12380&stats_player_seq=1536546	Jr	17	2	17	2	3		3	24	0.125	12	0.500				2	8	1																	
2016	12380	725	Army West Point	36	1657533	Colvin, Austin	http://stats.ncaa.org/player/index?game_sport_year_ctl_id=12380&stats_player_seq=1657533	So	17	0	17		4	6	10	21	0.190	11	0.524				3	9	1																	
2016	12380	725	Army West Point	53	1657536	Glancy, Conor	http://stats.ncaa.org/player/index?game_sport_year_ctl_id=12380&stats_player_seq=1657536	So	17	17	17	17	8	4	12	36	0.222	19	0.528				16	6	1				1	30												
2016	12380	725	Army West Point	21	1657537	Glesener, Ted	http://stats.ncaa.org/player/index?game_sport_year_ctl_id=12380&stats_player_seq=1657537	So	17	0	17		13	6	19	43	0.302	27	0.628		6		7	7					1	60												
2016	12380	725	Army West Point	4	1768072	Barretto, AJ	http://stats.ncaa.org/player/index?game_sport_year_ctl_id=12380&stats_player_seq=1768072	Fr	17	16	17	16			0								47	9	1						17	16	56,541	125	7.959	140	0.528					
2016	12380	725	Army West Point	9	1768076	DeSanti, Danny	http://stats.ncaa.org/player/index?game_sport_year_ctl_id=12380&stats_player_seq=1768076	Fr	17	0	17		3	1	4	5	0.600	4	0.800				18	2	16				1	60												
2016	12380	725	Army West Point	40	1768078	Jones, Nate	http://stats.ncaa.org/player/index?game_sport_year_ctl_id=12380&stats_player_seq=1768078	Fr	17	16	17	16	36	5	41	112	0.321	67	0.598	1	6		28	17	6				2	120												
2016	12380	725	Army West Point	3	1657548	Santorelli, Nick	http://stats.ncaa.org/player/index?game_sport_year_ctl_id=12380&stats_player_seq=1657548	So	16	1	16	1	3	8	11	7	0.429	4	0.571		1		6	5	2																	
2016	12380	725	Army West Point	81	1768080	MacAfee, Dalton	http://stats.ncaa.org/player/index?game_sport_year_ctl_id=12380&stats_player_seq=1768080	Fr	16	0	16		4	2	6	9	0.444	6	0.667				2	4	2																	
2016	12380	725	Army West Point	1	1424134	Coll, Tim	http://stats.ncaa.org/player/index?game_sport_year_ctl_id=12380&stats_player_seq=1424134	Sr	16	0	16		1	1	2	4	0.250	4	1.000				3	1																		
2016	12380	725	Army West Point	15	1536535	Bowman, Matt	http://stats.ncaa.org/player/index?game_sport_year_ctl_id=12380&stats_player_seq=1536535	Jr	16	0	16				0	3		1	0.333				2						1	30												
2016	12380	725	Army West Point	57	1657545	Ragno, John	http://stats.ncaa.org/player/index?game_sport_year_ctl_id=12380&stats_player_seq=1657545	So	14	0	14		2	1	3	4	0.500	4	1.000			1	15	5	3	9	13	0.692	3	150												
2016	12380	725	Army West Point	16	1657549	Symmes, David	http://stats.ncaa.org/player/index?game_sport_year_ctl_id=12380&stats_player_seq=1657549	So	13	0	13		7	1	8	28	0.250	18	0.643		1		3	4																		
2016	12380	725	Army West Point	20	1657539	Isnardi, Matt	http://stats.ncaa.org/player/index?game_sport_year_ctl_id=12380&stats_player_seq=1657539	So	10	0	10		1		1	1	1.000	1	1.000				8								10		3,256	7	7.740	14	0.667					
2016	12380	725	Army West Point	90	1657540	LaMonica, Jon	http://stats.ncaa.org/player/index?game_sport_year_ctl_id=12380&stats_player_seq=1657540	So	8	0	8				0								8	2	1				3	90												
2016	12380	725	Army West Point	5	1536550	Pettrone, Marc	http://stats.ncaa.org/player/index?game_sport_year_ctl_id=12380&stats_player_seq=1536550	Jr	7	0	7				0								1																			
2016	12380	725	Army West Point	91	1536538	Donovan, Matthew	http://stats.ncaa.org/player/index?game_sport_year_ctl_id=12380&stats_player_seq=1536538	Jr	6	0	6			3	3	3		1	0.333				1																			
2016	12380	725	Army West Point	29	1657544	O'Brien, Patrick	http://stats.ncaa.org/player/index?game_sport_year_ctl_id=12380&stats_player_seq=1657544	So	6	0	6		1		1	2	0.500	2	1.000					4																		
2016	12380	725	Army West Point	18	1657547	Ricca, Dom	http://stats.ncaa.org/player/index?game_sport_year_ctl_id=12380&stats_player_seq=1657547	So	6	0	6				0								1																			
2016	12380	725	Army West Point	10	1657550	TenBrink, Jimmy	http://stats.ncaa.org/player/index?game_sport_year_ctl_id=12380&stats_player_seq=1657550	So	6	0	6		1		1	2	0.500	2	1.000				2		1																	
2016	12380	725	Army West Point	25	1536553	Stackpole, Tim	http://stats.ncaa.org/player/index?game_sport_year_ctl_id=12380&stats_player_seq=1536553	Jr	5	0	5				0	2		2	1.000				17	3	8				1	180												
2016	12380	725	Army West Point	24	1536548	Miller, Gunnar	http://stats.ncaa.org/player/index?game_sport_year_ctl_id=12380&stats_player_seq=1536548	Jr	4	0	4				0																											
2016	12380	725	Army West Point	19	1657541	Langerhans, Tim	http://stats.ncaa.org/player/index?game_sport_year_ctl_id=12380&stats_player_seq=1657541	So	4	0	4				0																											
2016	12380	725	Army West Point	35	1768073	Cole, Jordan	http://stats.ncaa.org/player/index?game_sport_year_ctl_id=12380&stats_player_seq=1768073	Fr	4	0	4				0								1																			
2016	12380	725	Army West Point	43	1768071	Angle, Jeremy	http://stats.ncaa.org/player/index?game_sport_year_ctl_id=12380&stats_player_seq=1768071	Fr	4	0	4				0	1		1	1.000					1																		
2016	12380	725	Army West Point	41	1768085	Woodings, Robby	http://stats.ncaa.org/player/index?game_sport_year_ctl_id=12380&stats_player_seq=1768085	Fr	3	0	3				0								1			6	11	0.545														
2016	12380	725	Army West Point	22	1657543	Newbold, Paul	http://stats.ncaa.org/player/index?game_sport_year_ctl_id=12380&stats_player_seq=1657543	So	3	1	3	1			0																3	1	1,225	2	5.878	3	0.600					
2016	12380	725	Army West Point	50	1768081	Marino, Tommy	http://stats.ncaa.org/player/index?game_sport_year_ctl_id=12380&stats_player_seq=1768081	Fr	3	0	3		1		1	2	0.500	2	1.000		1			1					1	60												
2016	12380	725	Army West Point	14	1768075	Crabtree, Thomas	http://stats.ncaa.org/player/index?game_sport_year_ctl_id=12380&stats_player_seq=1768075	Fr	3	0	3				0																											
2016	12380	725	Army West Point	31	1768074	Condon, Evan	http://stats.ncaa.org/player/index?game_sport_year_ctl_id=12380&stats_player_seq=1768074	Fr	2	0	2		1	1	2	1	1.000	1	1.000																							
2016	12380	725	Army West Point	54	1768082	Poulos, Patrick	http://stats.ncaa.org/player/index?game_sport_year_ctl_id=12380&stats_player_seq=1768082	Fr	2	0	2				0										1				1	60												
2016	12380	725	Army West Point	32	1768083	Schultz, Griffin	http://stats.ncaa.org/player/index?game_sport_year_ctl_id=12380&stats_player_seq=1768083	Fr	2	0	2				0																											
2016	12380	725	Army West Point	17	1657538	Goettelman, Matt	http://stats.ncaa.org/player/index?game_sport_year_ctl_id=12380&stats_player_seq=1657538	So	2	0	2				0								1																			
2016	12380	725	Army West Point	8	1536554	Tamasitis, Jackson	http://stats.ncaa.org/player/index?game_sport_year_ctl_id=12380&stats_player_seq=1536554	Jr	2	0	2				0																2		138	2	52.174	2	0.500					
2016	12380	725	Army West Point	33	1536547	LoConte, C.J.	http://stats.ncaa.org/player/index?game_sport_year_ctl_id=12380&stats_player_seq=1536547	Jr	2	0	2				0								1																			
2016	12380	725	Army West Point	39	1657546	Rhudy, John	http://stats.ncaa.org/player/index?game_sport_year_ctl_id=12380&stats_player_seq=1657546	So	2	0	2				0																											
2016	12380	725	Army West Point	85	1657542	Nadjari, Andrew	http://stats.ncaa.org/player/index?game_sport_year_ctl_id=12380&stats_player_seq=1657542	So	2	0	2				0																											
2016	12380	725	Army West Point	45	1768077	Hoffman, Jimmy	http://stats.ncaa.org/player/index?game_sport_year_ctl_id=12380&stats_player_seq=1768077	Fr	2	0	2				0									1																		
2016	12380	725	Army West Point	34	1536541	Horgan, Ray	http://stats.ncaa.org/player/index?game_sport_year_ctl_id=12380&stats_player_seq=1536541	Jr	1	0	1				0														1	60												
2016	12380	725	Army West Point	52	1657534	Faircloth, Stowe	http://stats.ncaa.org/player/index?game_sport_year_ctl_id=12380&stats_player_seq=1657534	So	1	0	1				0																											
2016	12380	725	Army West Point	47	1768079	Matt, Koziol	http://stats.ncaa.org/player/index?game_sport_year_ctl_id=12380&stats_player_seq=1768079	Fr	1	0	1				0																1		138	0	0.000	1	1.000					
2016	12380	52	Bellarmine	42	1661191	Wall, Brian	http://stats.ncaa.org/player/index?game_sport_year_ctl_id=12380&stats_player_seq=1661191	Fr	15	3	15	3	9	11	20	42	0.214	16	0.381	1			20	12	5																	
2016	12380	52	Bellarmine	40	1548987	Perkins, Jack	http://stats.ncaa.org/player/index?game_sport_year_ctl_id=12380&stats_player_seq=1548987	So	15	1	15	1	19	6	25	80	0.237	49	0.613	1	6		12	5	3				4	180												
2016	12380	52	Bellarmine	28	1556478	Fahey, Kevin	http://stats.ncaa.org/player/index?game_sport_year_ctl_id=12380&stats_player_seq=1556478	So	15	14	15	14			0	1		1	1.000				28	7	6				2	60												
2016	12380	52	Bellarmine	2	1548982	Ciessau, Tucker	http://stats.ncaa.org/player/index?game_sport_year_ctl_id=12380&stats_player_seq=1548982	So	15	2	15	2	23	13	36	79	0.291	40	0.506	2	1		13	19					4	210												
2016	12380	52	Bellarmine	43	1429837	Healey, Shane	http://stats.ncaa.org/player/index?game_sport_year_ctl_id=12380&stats_player_seq=1429837	Sr	15	8	15	8			0	1							19	2	9	3	16	0.188	3	150												
2016	12380	52	Bellarmine	41	1311650	Zamora, Daniel	http://stats.ncaa.org/player/index?game_sport_year_ctl_id=12380&stats_player_seq=1311650	N/A	15	0	15		4	5	9	17	0.235	9	0.529				3	17	1				2	90												
2016	12380	52	Bellarmine	39	1311649	Gatt, Dylan	http://stats.ncaa.org/player/index?game_sport_year_ctl_id=12380&stats_player_seq=1311649	N/A	15	15	15	15	17	2	19	45	0.378	32	0.711		4		12	14	1				3	150												
2016	12380	52	Bellarmine	27	1311646	Hill, Brogan	http://stats.ncaa.org/player/index?game_sport_year_ctl_id=12380&stats_player_seq=1311646	N/A	15	0	15		7	2	9	26	0.269	23	0.885				8	8					2	90												
2016	12380	52	Bellarmine	23	1311643	Wesley, Reid	http://stats.ncaa.org/player/index?game_sport_year_ctl_id=12380&stats_player_seq=1311643	N/A	15	4	15	4			0								5	3	7				4	150												
2016	12380	52	Bellarmine	50	1769842	Miller, Ian	http://stats.ncaa.org/player/index?game_sport_year_ctl_id=12380&stats_player_seq=1769842	N/A	14	5	14	5	4	5	9	15	0.267	7	0.467				3	24																		
2016	12380	52	Bellarmine	20	1429842	Stuart, Taylor	http://stats.ncaa.org/player/index?game_sport_year_ctl_id=12380&stats_player_seq=1429842	Sr	14	12	14	12	2	2	4	8	0.250	4	0.500				37	9	17	2	2	1.000	3	120												
2016	12380	52	Bellarmine	36	1657739	King, Nick	http://stats.ncaa.org/player/index?game_sport_year_ctl_id=12380&stats_player_seq=1657739	Fr	14	0	14		3		3	8	0.375	5	0.625				9	2	2				2	60												
2016	12380	52	Bellarmine	10	1657736	Harryman, Connor	http://stats.ncaa.org/player/index?game_sport_year_ctl_id=12380&stats_player_seq=1657736	Fr	14	14	14	14	2		2	6	0.333	4	0.667				69	11	2	151	258	0.585	1	60												
2016	12380	52	Bellarmine	48	1657741	Schoeneck, Andrew	http://stats.ncaa.org/player/index?game_sport_year_ctl_id=12380&stats_player_seq=1657741	Fr	14	12	14	12	14	1	15	60	0.233	32	0.533	1	1		11	12					2	90												
2016	12380	52	Bellarmine	12	1657737	Kalish, Evan	http://stats.ncaa.org/player/index?game_sport_year_ctl_id=12380&stats_player_seq=1657737	Fr	13	11	13	11			0								16	3	2				6	330												
2016	12380	52	Bellarmine	26	1429843	Plisco, Michael	http://stats.ncaa.org/player/index?game_sport_year_ctl_id=12380&stats_player_seq=1429843	Sr	13	0	13		1		1	3	0.333	2	0.667				3		3				2	90												
2016	12380	52	Bellarmine	49	1429840	Killion, Cole	http://stats.ncaa.org/player/index?game_sport_year_ctl_id=12380&stats_player_seq=1429840	Jr	13	7	13	7			0	1		1	1.000				13	1	5				1	60												
2016	12380	52	Bellarmine	1	1548981	Taulane, Matt	http://stats.ncaa.org/player/index?game_sport_year_ctl_id=12380&stats_player_seq=1548981	So	12	0	12		1		1	3	0.333	2	0.667				5	3	3																	
2016	12380	52	Bellarmine	11	1769836	Rose, Chase	http://stats.ncaa.org/player/index?game_sport_year_ctl_id=12380&stats_player_seq=1769836	N/A	11	11	11	11			0								14	3							11	11	38,835	99	9.177	100	0.503					
2016	12380	52	Bellarmine	13	1671366	Roshkowski, Will	http://stats.ncaa.org/player/index?game_sport_year_ctl_id=12380&stats_player_seq=1671366	Fr	11	0	11		2	4	6	7	0.286	6	0.857				3	1	1						1		88	0	0.000							
2016	12380	52	Bellarmine	34	1311647	Charpentier, Ben	http://stats.ncaa.org/player/index?game_sport_year_ctl_id=12380&stats_player_seq=1311647	N/A	10	1	10	1	5	2	7	16	0.312	12	0.750		1		5	8	1				1	30												
2016	12380	52	Bellarmine	21	1769837	Schmitt, Bobby	http://stats.ncaa.org/player/index?game_sport_year_ctl_id=12380&stats_player_seq=1769837	N/A	9	7	9	7	5		5	6	0.833	5	0.833	1			19	5	6																	
2016	12380	52	Bellarmine	33	1774455	Cartor, Max	http://stats.ncaa.org/player/index?game_sport_year_ctl_id=12380&stats_player_seq=1774455	N/A	9	4	9	4			0								2	1	1						7	4	15,156	38	9.026	37	0.493					
2016	12380	52	Bellarmine	22	1548986	Nangle, Tyler	http://stats.ncaa.org/player/index?game_sport_year_ctl_id=12380&stats_player_seq=1548986	So	9	1	9	1			0	2		2	1.000				5			13	34	0.382	2	60												
2016	12380	52	Bellarmine	14	1777731	Coukoulis, Ryan	http://stats.ncaa.org/player/index?game_sport_year_ctl_id=12380&stats_player_seq=1777731	N/A	9	8	9	8	1	2	3	3	0.333	2	0.667				15	3	1																	
2016	12380	52	Bellarmine	4	1548984	Broderick, Ryan	http://stats.ncaa.org/player/index?game_sport_year_ctl_id=12380&stats_player_seq=1548984	So	8	2	8	2		6	6	9		4	0.444				2	7	1				1	30												
2016	12380	52	Bellarmine	9	1777730	Silverblatt, Paul	http://stats.ncaa.org/player/index?game_sport_year_ctl_id=12380&stats_player_seq=1777730	N/A	8	0	8		1	1	2	9	0.111	3	0.333				5	5	1				1	60												
2016	12380	52	Bellarmine	55	1782764	Votto, Stephen	http://stats.ncaa.org/player/index?game_sport_year_ctl_id=12380&stats_player_seq=1782764	N/A	7	7	7	7	4	4	8	11	0.364	6	0.545				2	4																		
2016	12380	52	Bellarmine	88	1774457	Wehn, Josh	http://stats.ncaa.org/player/index?game_sport_year_ctl_id=12380&stats_player_seq=1774457	N/A	7	0	7				0								4		1																	
2016	12380	52	Bellarmine	47	1429839	Cousins, Chris	http://stats.ncaa.org/player/index?game_sport_year_ctl_id=12380&stats_player_seq=1429839	Sr	4	0	4			1	1								1		1						2		161	0	0.000							
2016	12380	52	Bellarmine	20	1559814	Barco, Tanner	http://stats.ncaa.org/player/index?game_sport_year_ctl_id=12380&stats_player_seq=1559814	So	4	0	4		3	2	5	8	0.375	4	0.500				2	3																		
2016	12380	52	Bellarmine	36	1783503	Rullan, Kyle	http://stats.ncaa.org/player/index?game_sport_year_ctl_id=12380&stats_player_seq=1783503	N/A	3	0	3				0	1							1																			
2016	12380	52	Bellarmine	18	1777732	Durtschi, Nick	http://stats.ncaa.org/player/index?game_sport_year_ctl_id=12380&stats_player_seq=1777732	N/A	3	0	3				0								3																			
2016	12380	52	Bellarmine	29	1670893	Liddy, Eric	http://stats.ncaa.org/player/index?game_sport_year_ctl_id=12380&stats_player_seq=1670893	Fr	3	0	3		1		1	1	1.000	1	1.000																							
2016	12380	52	Bellarmine	15	1670892	Keding, Gabe	http://stats.ncaa.org/player/index?game_sport_year_ctl_id=12380&stats_player_seq=1670892	Fr	2	0	2				0																											
2016	12380	52	Bellarmine	5	1557051	Sprock, Dylan	http://stats.ncaa.org/player/index?game_sport_year_ctl_id=12380&stats_player_seq=1557051	So	2	0	2				0								1	1					1	30												
2016	12380	52	Bellarmine	6	1670891	Macko, Graham	http://stats.ncaa.org/player/index?game_sport_year_ctl_id=12380&stats_player_seq=1670891	Fr	2	1	2	1	1	1	2	4	0.250	4	1.000																							
2016	12380	52	Bellarmine	8	1780925	Krambeer, Joe	http://stats.ncaa.org/player/index?game_sport_year_ctl_id=12380&stats_player_seq=1780925	N/A	1	0	1				0								1																			
2016	12380	52	Bellarmine	30	1429834	Soriano, Nick	http://stats.ncaa.org/player/index?game_sport_year_ctl_id=12380&stats_player_seq=1429834	Sr	1	0	1				0														1	30												
2016	12380	52	Bellarmine	45	1671607	Walsh, Hayden	http://stats.ncaa.org/player/index?game_sport_year_ctl_id=12380&stats_player_seq=1671607	Fr	1	0	1				0																											
2016	12380	62	Binghamton	24	1663611	Grossi, Joe	http://stats.ncaa.org/player/index?game_sport_year_ctl_id=12380&stats_player_seq=1663611	So	14	0	14		1	1	2	8	0.125	3	0.375				18	6	4				6	240												
2016	12380	62	Binghamton	5	1419564	Rick, Mitchell	http://stats.ncaa.org/player/index?game_sport_year_ctl_id=12380&stats_player_seq=1419564	Sr	14	1	14	1	5		5	36	0.139	20	0.556				3	5	1				2	120												
2016	12380	62	Binghamton	30	1419570	Maher, Johnny	http://stats.ncaa.org/player/index?game_sport_year_ctl_id=12380&stats_player_seq=1419570	Sr	14	11	14	11	16	14	30	54	0.296	35	0.648	1			23	21	2				1	60												
2016	12380	62	Binghamton	33	1419571	Bechle, Chris	http://stats.ncaa.org/player/index?game_sport_year_ctl_id=12380&stats_player_seq=1419571	Sr	14	14	14	14			0								10	2	9				2	120												
2016	12380	62	Binghamton	8	1419572	DiSanto, T.J.	http://stats.ncaa.org/player/index?game_sport_year_ctl_id=12380&stats_player_seq=1419572	Sr	14	0	14			2	2	4		3	0.750				26	9	4				1	30												
2016	12380	62	Binghamton	18	1419574	Diegnan, George	http://stats.ncaa.org/player/index?game_sport_year_ctl_id=12380&stats_player_seq=1419574	Sr	14	0	14		5		5	13	0.385	8	0.615				27	3	6	1	10	0.100	4	210												
2016	12380	62	Binghamton	3	1419575	Scaduto, Zachary	http://stats.ncaa.org/player/index?game_sport_year_ctl_id=12380&stats_player_seq=1419575	Sr	14	14	14	14	25	12	37	107	0.234	48	0.449				14	14	4				2	120												
2016	12380	62	Binghamton	12	1527882	Gilroy, Sean	http://stats.ncaa.org/player/index?game_sport_year_ctl_id=12380&stats_player_seq=1527882	So	14	4	14	4	9	5	14	23	0.391	16	0.696		2		9	11																		
2016	12380	62	Binghamton	11	1527891	Mazurek, Dan	http://stats.ncaa.org/player/index?game_sport_year_ctl_id=12380&stats_player_seq=1527891	Jr	14	0	14		1	1	2	2	0.500	2	1.000				42	4	2	98	197	0.497														
2016	12380	62	Binghamton	16	1663610	Kocis, Ben	http://stats.ncaa.org/player/index?game_sport_year_ctl_id=12380&stats_player_seq=1663610	So	14	14	14	14	17	12	29	94	0.181	34	0.362		1		7	11	1				1	30												
2016	12380	62	Binghamton	34	1663612	Fama, Salvatore	http://stats.ncaa.org/player/index?game_sport_year_ctl_id=12380&stats_player_seq=1663612	So	14	13	14	13			0								7	6	5				8	420												
2016	12380	62	Binghamton	17	1665075	McAndrew, Thomas	http://stats.ncaa.org/player/index?game_sport_year_ctl_id=12380&stats_player_seq=1665075	So	14	14	14	14	13	6	19	43	0.302	26	0.605	1	2		21	15	2				1	30												
2016	12380	62	Binghamton	22	1665076	Macchi, Austin	http://stats.ncaa.org/player/index?game_sport_year_ctl_id=12380&stats_player_seq=1665076	So	13	0	13		1		1	2	0.500	1	0.500				17	4		66	131	0.504	1	30												
2016	12380	62	Binghamton	29	1527885	Kaser, Matt	http://stats.ncaa.org/player/index?game_sport_year_ctl_id=12380&stats_player_seq=1527885	Jr	13	11	13	11	16	3	19	39	0.410	28	0.718	1	3		13	10					2	60												
2016	12380	62	Binghamton	14	1665072	Schweitzer, Eric	http://stats.ncaa.org/player/index?game_sport_year_ctl_id=12380&stats_player_seq=1665072	So	12	0	12		1	1	2	3	0.333	2	0.667				27	2	4				4	240												
2016	12380	62	Binghamton	23	1751656	Licata, Joe	http://stats.ncaa.org/player/index?game_sport_year_ctl_id=12380&stats_player_seq=1751656	Fr	12	11	12	11	12	6	18	42	0.286	25	0.595				4	9	2																	
2016	12380	62	Binghamton	15	1669955	Reaume, Liam	http://stats.ncaa.org/player/index?game_sport_year_ctl_id=12380&stats_player_seq=1669955	So	12	0	12		5	4	9	22	0.227	7	0.318		2		6	7	1				1	30												
2016	12380	62	Binghamton	7	1527887	Cosens, Tanner	http://stats.ncaa.org/player/index?game_sport_year_ctl_id=12380&stats_player_seq=1527887	Jr	12	11	12	11			0	2		2	1.000				31	2	7				1	30	12	11	40,546	141	12.519	111	0.440					
2016	12380	62	Binghamton	31	1527886	Waldron, Garrett	http://stats.ncaa.org/player/index?game_sport_year_ctl_id=12380&stats_player_seq=1527886	Jr	11	11	11	11		1	1	1							22	5	10				1	60												
2016	12380	62	Binghamton	9	1665071	Petrelli, Stephen	http://stats.ncaa.org/player/index?game_sport_year_ctl_id=12380&stats_player_seq=1665071	So	11	0	11		2		2	3	0.667	3	1.000				5		2																	
2016	12380	62	Binghamton	2	1751653	Nelson, Jake	http://stats.ncaa.org/player/index?game_sport_year_ctl_id=12380&stats_player_seq=1751653	Fr	9	2	9	2	1		1	5	0.200	2	0.400				4	11																		
2016	12380	62	Binghamton	13	1419565	Finnigan, Sean	http://stats.ncaa.org/player/index?game_sport_year_ctl_id=12380&stats_player_seq=1419565	Jr	8	2	8	2			0								4		2																	
2016	12380	62	Binghamton	26	1751657	Tiernan, T.J.	http://stats.ncaa.org/player/index?game_sport_year_ctl_id=12380&stats_player_seq=1751657	Fr	7	0	7		1	1	2	3	0.333	1	0.333	1			1	2	1																	
2016	12380	62	Binghamton	32	1527892	Parker, Jesse	http://stats.ncaa.org/player/index?game_sport_year_ctl_id=12380&stats_player_seq=1527892	Jr	7	0	7			1	1	5		2	0.400				2	2																		
2016	12380	62	Binghamton	42	1663614	Nawrocki, Kyle	http://stats.ncaa.org/player/index?game_sport_year_ctl_id=12380&stats_player_seq=1663614	So	7	2	7	2			0								3	1					3	150												
2016	12380	62	Binghamton	37	1663613	Urban, Kyle	http://stats.ncaa.org/player/index?game_sport_year_ctl_id=12380&stats_player_seq=1663613	So	7	0	7			1	1								3		1																	
2016	12380	62	Binghamton	1	1419563	Fischer, Eric	http://stats.ncaa.org/player/index?game_sport_year_ctl_id=12380&stats_player_seq=1419563	Sr	5	0	5				0									2							5		783	1	4.598	4	0.800					
2016	12380	62	Binghamton	41	1669958	Burkus, Ken	http://stats.ncaa.org/player/index?game_sport_year_ctl_id=12380&stats_player_seq=1669958	So	5	0	5				0														1	30												
2016	12380	62	Binghamton	36	1751659	Sullivan, Jack	http://stats.ncaa.org/player/index?game_sport_year_ctl_id=12380&stats_player_seq=1751659	Fr	4	0	4				0								1			4	12	0.333														
2016	12380	62	Binghamton	4	1663609	Sanko, Sam	http://stats.ncaa.org/player/index?game_sport_year_ctl_id=12380&stats_player_seq=1663609	So	4	3	4	3			0								4								4	3	9,105	27	10.675	19	0.413					
2016	12380	62	Binghamton	44	1782760	Winkoff, Ryan	http://stats.ncaa.org/player/index?game_sport_year_ctl_id=12380&stats_player_seq=1782760	N/A	3	0	3				0																											
2016	12380	62	Binghamton	25	1669957	Leland, Joe	http://stats.ncaa.org/player/index?game_sport_year_ctl_id=12380&stats_player_seq=1669957	So	3	0	3				0	1		1	1.000																							
2016	12380	62	Binghamton	21	1669956	Fuchs, Kevin	http://stats.ncaa.org/player/index?game_sport_year_ctl_id=12380&stats_player_seq=1669956	So	3	0	3				0									1																		
2016	12380	62	Binghamton	19	1751654	Konen, Griffin	http://stats.ncaa.org/player/index?game_sport_year_ctl_id=12380&stats_player_seq=1751654	Fr	3	0	3				0																											
2016	12380	62	Binghamton	6	1527883	Deluca, Tyler	http://stats.ncaa.org/player/index?game_sport_year_ctl_id=12380&stats_player_seq=1527883	Jr	3	2	3	2	1		1	8	0.125	5	0.625				1						1	30												
2016	12380	62	Binghamton	27	1751658	Mattiace, Timothy	http://stats.ncaa.org/player/index?game_sport_year_ctl_id=12380&stats_player_seq=1751658	Fr	2	0	2				0								1	1																		
2016	12380	62	Binghamton	20	1751655	Beiline, Daniel	http://stats.ncaa.org/player/index?game_sport_year_ctl_id=12380&stats_player_seq=1751655	Fr	2	0	2				0																											
2016	12380	68	Boston U.	6	1657866	Wilson, Jack	http://stats.ncaa.org/player/index?game_sport_year_ctl_id=12380&stats_player_seq=1657866	So	15	15	15	15	24	12	36	69	0.348	48	0.696	2	3	1	21	17	2				2	60												
2016	12380	68	Boston U.	8	1547633	Myers, Pat	http://stats.ncaa.org/player/index?game_sport_year_ctl_id=12380&stats_player_seq=1547633	Jr	15	9	15	9	5	3	8	21	0.238	13	0.619				10	15																		
2016	12380	68	Boston U.	10	1547635	Zebrowski, Craig	http://stats.ncaa.org/player/index?game_sport_year_ctl_id=12380&stats_player_seq=1547635	Jr	15	0	15				0	1		1	1.000				10	5	7																	
2016	12380	68	Boston U.	12	1547639	Schaal, Adam	http://stats.ncaa.org/player/index?game_sport_year_ctl_id=12380&stats_player_seq=1547639	Jr	15	15	15	15	7	5	12	22	0.318	13	0.591		1	1	16	20	2				1	30												
2016	12380	68	Boston U.	13	1547640	Carson-Banister, Christian	http://stats.ncaa.org/player/index?game_sport_year_ctl_id=12380&stats_player_seq=1547640	Jr	15	15	15	15			0								16	6							15	15	52,387	141	9.689	161	0.533					
2016	12380	68	Boston U.	21	1547648	Wozniak, Greg	http://stats.ncaa.org/player/index?game_sport_year_ctl_id=12380&stats_player_seq=1547648	Jr	15	10	15	10	2	1	3	7	0.286	5	0.714				58	11	28				8	420												
2016	12380	68	Boston U.	22	1547658	Pincus, Cam	http://stats.ncaa.org/player/index?game_sport_year_ctl_id=12380&stats_player_seq=1547658	Jr	15	5	15	5			0	2							16	4	6				1	30												
2016	12380	68	Boston U.	35	1547670	Calisto, Dominick	http://stats.ncaa.org/player/index?game_sport_year_ctl_id=12380&stats_player_seq=1547670	Jr	15	15	15	15			0	2							37	9	22				4	210												
2016	12380	68	Boston U.	24	1657872	Winkoff, Allen	http://stats.ncaa.org/player/index?game_sport_year_ctl_id=12380&stats_player_seq=1657872	Jr	15	0	15			1	1	2							17	4	4																	
2016	12380	68	Boston U.	38	1657877	Beall, Jack	http://stats.ncaa.org/player/index?game_sport_year_ctl_id=12380&stats_player_seq=1657877	Jr	15	0	15		1	2	3	4	0.250	2	0.500				23	1	6				1	60												
2016	12380	68	Boston U.	2	1765583	Burr, James	http://stats.ncaa.org/player/index?game_sport_year_ctl_id=12380&stats_player_seq=1765583	Fr	15	15	15	15	28	7	35	85	0.329	48	0.565	1	2		15	28	5				1	60												
2016	12380	68	Boston U.	87	1765588	Germain, Quintin	http://stats.ncaa.org/player/index?game_sport_year_ctl_id=12380&stats_player_seq=1765588	Fr	15	15	15	15			0								15	5	8				1	60												
2016	12380	68	Boston U.	91	1765589	Lukacs, Drew	http://stats.ncaa.org/player/index?game_sport_year_ctl_id=12380&stats_player_seq=1765589	Fr	15	0	15		3		3	6	0.500	4	0.667				6	1	6				2	90												
2016	12380	68	Boston U.	24	1765584	Homire, Brendan	http://stats.ncaa.org/player/index?game_sport_year_ctl_id=12380&stats_player_seq=1765584	Fr	14	13	14	13	9	17	26	51	0.176	20	0.392	1			15	25	2																	
2016	12380	68	Boston U.	28	1547663	Lee, Henry	http://stats.ncaa.org/player/index?game_sport_year_ctl_id=12380&stats_player_seq=1547663	Jr	14	0	14		1		1	7	0.143	1	0.143				23	5	18				7	300												
2016	12380	68	Boston U.	36	1657876	Lipton, Isaac	http://stats.ncaa.org/player/index?game_sport_year_ctl_id=12380&stats_player_seq=1657876	So	14	0	14				0	1							6		1				1	60												
2016	12380	68	Boston U.	26	1661051	Farris, Greg	http://stats.ncaa.org/player/index?game_sport_year_ctl_id=12380&stats_player_seq=1661051	So	14	0	14		8		8	20	0.400	11	0.550	1	1		1	5																		
2016	12380	68	Boston U.	31	1547666	Talkow, Sam	http://stats.ncaa.org/player/index?game_sport_year_ctl_id=12380&stats_player_seq=1547666	Jr	13	0	13		6	1	7	29	0.207	14	0.483				86	13		139	200	0.695	6	330												
2016	12380	68	Boston U.	5	1547631	Dearth, Cal	http://stats.ncaa.org/player/index?game_sport_year_ctl_id=12380&stats_player_seq=1547631	Jr	13	13	13	13	15	13	28	50	0.300	30	0.600	2	1		13	25	3																	
2016	12380	68	Boston U.	11	1547636	Badgett, Brian	http://stats.ncaa.org/player/index?game_sport_year_ctl_id=12380&stats_player_seq=1547636	Jr	13	0	13			1	1	5		2	0.400				14	7	5				1	60												
2016	12380	68	Boston U.	39	1657878	Ruiz, Hayden	http://stats.ncaa.org/player/index?game_sport_year_ctl_id=12380&stats_player_seq=1657878	So	13	0	13		3	3	6	11	0.273	6	0.545				4	9																		
2016	12380	68	Boston U.	14	1657867	Okmin, Conor	http://stats.ncaa.org/player/index?game_sport_year_ctl_id=12380&stats_player_seq=1657867	So	12	0	12				0								4	2	1				1	30												
2016	12380	68	Boston U.	19	1547646	Burr, Elliott	http://stats.ncaa.org/player/index?game_sport_year_ctl_id=12380&stats_player_seq=1547646	Sr	12	0	12				0								24	4		67	128	0.523														
2016	12380	68	Boston U.	43	1765586	Ruh, Tristan	http://stats.ncaa.org/player/index?game_sport_year_ctl_id=12380&stats_player_seq=1765586	Fr	11	0	11		2	2	4	8	0.250	3	0.375				3	6	1																	
2016	12380	68	Boston U.	44	1547675	Tenney, Sam	http://stats.ncaa.org/player/index?game_sport_year_ctl_id=12380&stats_player_seq=1547675	Jr	11	6	11	6	3	1	4	24	0.125	15	0.625	1			4	5	1				1	60												
2016	12380	68	Boston U.	7	1547632	Bell, Chad	http://stats.ncaa.org/player/index?game_sport_year_ctl_id=12380&stats_player_seq=1547632	Jr	11	0	11		3	3	6	12	0.250	7	0.583				2	3																		
2016	12380	68	Boston U.	33	1657875	Hilburn, Ryan	http://stats.ncaa.org/player/index?game_sport_year_ctl_id=12380&stats_player_seq=1657875	So	11	4	11	4	11	9	20	37	0.297	26	0.703		5		8	10					1	30												
2016	12380	68	Boston U.	45	1547676	Johnston, Ryan	http://stats.ncaa.org/player/index?game_sport_year_ctl_id=12380&stats_player_seq=1547676	Jr	11	0	11		5		5	8	0.625	7	0.875		4		2	3	1																	
2016	12380	68	Boston U.	55	1765587	Laviano, Michael	http://stats.ncaa.org/player/index?game_sport_year_ctl_id=12380&stats_player_seq=1765587	Fr	9	0	9		3	2	5	5	0.600	4	0.800				6	6																		
2016	12380	68	Boston U.	25	1547661	Donnelly, Patrick	http://stats.ncaa.org/player/index?game_sport_year_ctl_id=12380&stats_player_seq=1547661	Jr	6	0	6				0	2							2	3																		
2016	12380	68	Boston U.	4	1547634	Carbone, Michael	http://stats.ncaa.org/player/index?game_sport_year_ctl_id=12380&stats_player_seq=1547634	Jr	5	0	5		1		1	3	0.333	1	0.333		1																					
2016	12380	68	Boston U.	3	1547629	Palms, Madison	http://stats.ncaa.org/player/index?game_sport_year_ctl_id=12380&stats_player_seq=1547629	Jr	5	0	5				0														1	60												
2016	12380	68	Boston U.	40	1547671	Paroda, Alex	http://stats.ncaa.org/player/index?game_sport_year_ctl_id=12380&stats_player_seq=1547671	Sr	5	0	5				0								2	1	2																	
2016	12380	68	Boston U.	29	1770566	Schmidt, Thomas	http://stats.ncaa.org/player/index?game_sport_year_ctl_id=12380&stats_player_seq=1770566	Fr	5	0	5				0									1																		
2016	12380	68	Boston U.	27	1765585	Lappin, Christopher	http://stats.ncaa.org/player/index?game_sport_year_ctl_id=12380&stats_player_seq=1765585	Fr	3	0	3				0								1																			
2016	12380	68	Boston U.	41	1547672	Dansey, Jake	http://stats.ncaa.org/player/index?game_sport_year_ctl_id=12380&stats_player_seq=1547672	Jr	2	0	2				0								1						1	60												
2016	12380	68	Boston U.	9	1769606	Gregory, Grant	http://stats.ncaa.org/player/index?game_sport_year_ctl_id=12380&stats_player_seq=1769606	Fr	2	0	2				0	1		1	1.000				1	1																		
2016	12380	68	Boston U.	48	1657882	MacDougall, Colin	http://stats.ncaa.org/player/index?game_sport_year_ctl_id=12380&stats_player_seq=1657882	So	2	0	2				0								1								2		1,867	7	13.498	2	0.222					
2016	12380	68	Boston U.	42	1669953	Stucky, Joe	http://stats.ncaa.org/player/index?game_sport_year_ctl_id=12380&stats_player_seq=1669953	So	2	0	2				0								1		1	4	9	0.444														
2016	12380	68	Boston U.	47	1657881	Burke, James	http://stats.ncaa.org/player/index?game_sport_year_ctl_id=12380&stats_player_seq=1657881	So	1	0	1				0	3		1	0.333				1						1	30												
2016	12380	68	Boston U.	16	1770560	Seminara, Jack	http://stats.ncaa.org/player/index?game_sport_year_ctl_id=12380&stats_player_seq=1770560	Fr	1	0	1				0																											
2016	12380	68	Boston U.	17	1770561	McGovern, Sean	http://stats.ncaa.org/player/index?game_sport_year_ctl_id=12380&stats_player_seq=1770561	Fr	1	0	1				0																1		137	0	0.000							
2016	12380	68	Boston U.	18	1770564	Wheeler, Jack	http://stats.ncaa.org/player/index?game_sport_year_ctl_id=12380&stats_player_seq=1770564	So	1	0	1				0																											
2016	12380	80	Brown	44	1753837	Santangelo, Alex	http://stats.ncaa.org/player/index?game_sport_year_ctl_id=12380&stats_player_seq=1753837	Fr	19	5	19	5			0								8	3	3				2	120												
2016	12380	80	Brown	8	1417315	Bellistri, Kylor	http://stats.ncaa.org/player/index?game_sport_year_ctl_id=12380&stats_player_seq=1417315	Sr	19	19	19	19	63	29	92	138	0.457	101	0.732	6	6		27	23	5				6	420												
2016	12380	80	Brown	6	1417316	Blynn, Henry	http://stats.ncaa.org/player/index?game_sport_year_ctl_id=12380&stats_player_seq=1417316	Sr	19	19	19	19	52	15	67	149	0.349	96	0.644	3	3		42	34	4				5	180												
2016	12380	80	Brown	91	1417319	Kelly, Jack	http://stats.ncaa.org/player/index?game_sport_year_ctl_id=12380&stats_player_seq=1417319	Sr	19	19	19	19	1	1	2	3	0.333	2	0.667				50	12	6				1	30	19	19	61,085	144	8.487	222	0.607					
2016	12380	80	Brown	28	1417320	Lawrence, James	http://stats.ncaa.org/player/index?game_sport_year_ctl_id=12380&stats_player_seq=1417320	Sr	19	14	19	14			0								13		6				5	270												
2016	12380	80	Brown	13	1417323	Tills, Bailey	http://stats.ncaa.org/player/index?game_sport_year_ctl_id=12380&stats_player_seq=1417323	Sr	19	4	19	4	22	21	43	54	0.407	41	0.759	1			19	15	3				2	60												
2016	12380	80	Brown	75	1417324	Yozzo-Scaperrotta, John	http://stats.ncaa.org/player/index?game_sport_year_ctl_id=12380&stats_player_seq=1417324	Sr	19	3	19	3	2		2	3	0.667	3	1.000			1	19	10	10				7	360												
2016	12380	80	Brown	25	1533987	Tulett, Alec	http://stats.ncaa.org/player/index?game_sport_year_ctl_id=12380&stats_player_seq=1533987	Jr	19	18	19	18	5	8	13	11	0.455	8	0.727				110	27	24				6	270												
2016	12380	80	Brown	24	1533989	Ntshaykolo, JJ	http://stats.ncaa.org/player/index?game_sport_year_ctl_id=12380&stats_player_seq=1533989	Jr	19	18	19	18			0	2							24	6	20				11	570												
2016	12380	80	Brown	31	1533991	Lucchese, AJ	http://stats.ncaa.org/player/index?game_sport_year_ctl_id=12380&stats_player_seq=1533991	Jr	19	0	19		8	1	9	13	0.615	12	0.923		4		3	3																		
2016	12380	80	Brown	42	1533994	Kemp, Larken	http://stats.ncaa.org/player/index?game_sport_year_ctl_id=12380&stats_player_seq=1533994	Jr	19	16	19	16	6	12	18	24	0.250	13	0.542		1		93	12	35				3	120												
2016	12380	80	Brown	1	1533995	Graham, Matt	http://stats.ncaa.org/player/index?game_sport_year_ctl_id=12380&stats_player_seq=1533995	Sr	19	3	19	3	18	12	30	55	0.327	28	0.509	2	2		12	12	3				1	60												
2016	12380	80	Brown	4	1533990	Molloy, Dylan	http://stats.ncaa.org/player/index?game_sport_year_ctl_id=12380&stats_player_seq=1533990	Jr	18	16	18	16	62	54	116	161	0.385	118	0.733	2	11		35	54	11				3	180												
2016	12380	80	Brown	9	1642679	Collins, Jack	http://stats.ncaa.org/player/index?game_sport_year_ctl_id=12380&stats_player_seq=1642679	So	18	0	18		5	1	6	17	0.294	9	0.529				6	3																		
2016	12380	80	Brown	37	1642687	Ottens, Ted	http://stats.ncaa.org/player/index?game_sport_year_ctl_id=12380&stats_player_seq=1642687	So	18	0	18			2	2	4		2	0.500				29	2		81	138	0.587														
2016	12380	80	Brown	41	1417317	Caputo, Brendan	http://stats.ncaa.org/player/index?game_sport_year_ctl_id=12380&stats_player_seq=1417317	Sr	18	6	18	6	21	18	39	83	0.253	46	0.554		2		18	21	8				5	240												
2016	12380	80	Brown	36	1417318	Gural, Will	http://stats.ncaa.org/player/index?game_sport_year_ctl_id=12380&stats_player_seq=1417318	Sr	18	14	18	14	11	5	16	37	0.297	28	0.757	1			137	14	2	270	386	0.699	4	150												
2016	12380	80	Brown	66	1753834	Panepinto, Michael	http://stats.ncaa.org/player/index?game_sport_year_ctl_id=12380&stats_player_seq=1753834	Fr	18	14	18	14	1	1	2	8	0.125	2	0.250				9	4	6				3	120												
2016	12380	80	Brown	14	1533986	Warble, Brewster	http://stats.ncaa.org/player/index?game_sport_year_ctl_id=12380&stats_player_seq=1533986	Jr	17	0	17		2	2	4	6	0.333	4	0.667				13	4	6				7	300												
2016	12380	80	Brown	12	1753835	Prigmore, Brian	http://stats.ncaa.org/player/index?game_sport_year_ctl_id=12380&stats_player_seq=1753835	Fr	17	0	17				0								2		1				1	30												
2016	12380	80	Brown	11	1642682	Gustafson, Max	http://stats.ncaa.org/player/index?game_sport_year_ctl_id=12380&stats_player_seq=1642682	So	17	0	17		1		1	1	1.000	1	1.000			1	6		1																	
2016	12380	80	Brown	7	1753838	Song, Carson	http://stats.ncaa.org/player/index?game_sport_year_ctl_id=12380&stats_player_seq=1753838	Fr	17	0	17		5	11	16	22	0.227	10	0.455		1		5	9	2				1	60												
2016	12380	80	Brown	88	1642686	Miller, Jake	http://stats.ncaa.org/player/index?game_sport_year_ctl_id=12380&stats_player_seq=1642686	So	15	0	15		5	1	6	6	0.833	6	1.000	1			25	1					3	180												
2016	12380	80	Brown	23	1753831	LeBoeuf, Foster	http://stats.ncaa.org/player/index?game_sport_year_ctl_id=12380&stats_player_seq=1753831	Fr	15	1	15	1	6	2	8	18	0.333	14	0.778				4	7																		
2016	12380	80	Brown	2	1642683	Hudak, Stephen	http://stats.ncaa.org/player/index?game_sport_year_ctl_id=12380&stats_player_seq=1642683	So	14	0	14		7	1	8	19	0.368	13	0.684				5	9																		
2016	12380	80	Brown	20	1642689	Rogers, Owen	http://stats.ncaa.org/player/index?game_sport_year_ctl_id=12380&stats_player_seq=1642689	So	13	0	13		5	2	7	10	0.500	7	0.700		1		4	6	1																	
2016	12380	80	Brown	21	1642684	Kennis, Matt	http://stats.ncaa.org/player/index?game_sport_year_ctl_id=12380&stats_player_seq=1642684	So	12	0	12				0								1																			
2016	12380	80	Brown	19	1417322	Stewart, Todd	http://stats.ncaa.org/player/index?game_sport_year_ctl_id=12380&stats_player_seq=1417322	Sr	11	1	11	1		1	1								15	4	4				3	120												
2016	12380	80	Brown	3	1533993	LaValle, Dino	http://stats.ncaa.org/player/index?game_sport_year_ctl_id=12380&stats_player_seq=1533993	Jr	11	0	11			1	1	6		1	0.167					3																		
2016	12380	80	Brown	34	1642685	Lanham, Scott	http://stats.ncaa.org/player/index?game_sport_year_ctl_id=12380&stats_player_seq=1642685	So	10	0	10				0								7	1					1	60												
2016	12380	80	Brown	5	1753833	Newton, Acie	http://stats.ncaa.org/player/index?game_sport_year_ctl_id=12380&stats_player_seq=1753833	Fr	10	0	10				0								4	2	1						10		4,137	15	13.053	11	0.423					
2016	12380	80	Brown	29	1533988	Scott, Peter	http://stats.ncaa.org/player/index?game_sport_year_ctl_id=12380&stats_player_seq=1533988	Jr	9	0	9				0								3	1	1						9		3,312	12	13.043	9	0.429					
2016	12380	80	Brown	15	1642678	Anderson, Chris	http://stats.ncaa.org/player/index?game_sport_year_ctl_id=12380&stats_player_seq=1642678	So	7	0	7				0								1	3																		
2016	12380	80	Brown	22	1642681	Frieder, Ethan	http://stats.ncaa.org/player/index?game_sport_year_ctl_id=12380&stats_player_seq=1642681	So	7	0	7				0	1							1	1																		
2016	12380	80	Brown	10	1753836	Richardson, Will	http://stats.ncaa.org/player/index?game_sport_year_ctl_id=12380&stats_player_seq=1753836	Fr	6	0	6		1		1	1	1.000	1	1.000				4	1		9	15	0.600	1	30												
2016	12380	80	Brown	17	1753832	Newsome, Jackson	http://stats.ncaa.org/player/index?game_sport_year_ctl_id=12380&stats_player_seq=1753832	Fr	4	0	4		1		1	7	0.143	3	0.429				2	2	1																	
2016	12380	80	Brown	16	1642688	Peters, Brad	http://stats.ncaa.org/player/index?game_sport_year_ctl_id=12380&stats_player_seq=1642688	So	2	0	2				0																2		185	0	0.000	1	1.000					
