230,13554,2011,1,142808,Boston,http://nll_stats.stats.pointstreak.com/teamplayerstats.html?teamid=142808&seasonid=13554,10,25957,Philadelphia,http://nll_stats.stats.pointstreak.com/teamplayerstats.html?teamid=25957&seasonid=13554,6,"Sat, Jan 08",7:10 pm,10 - 6,,2577947,http://www.pointstreak.com/gamelive/?gameid=2577947,http://nll_stats.stats.pointstreak.com/boxscore.html?gameid=2577947,"",
230,13554,2011,2,38725,Edmonton,http://nll_stats.stats.pointstreak.com/teamplayerstats.html?teamid=38725&seasonid=13554,7,25959,Toronto,http://nll_stats.stats.pointstreak.com/teamplayerstats.html?teamid=25959&seasonid=13554,13,"Sat, Jan 08",7:00 pm,7 - 13,,2577948,http://www.pointstreak.com/gamelive/?gameid=2577948,http://nll_stats.stats.pointstreak.com/boxscore.html?gameid=2577948,"",
230,13554,2011,3,25958,Rochester,http://nll_stats.stats.pointstreak.com/teamplayerstats.html?teamid=25958&seasonid=13554,11,25956,Minnesota,http://nll_stats.stats.pointstreak.com/teamplayerstats.html?teamid=25956&seasonid=13554,10,"Sat, Jan 08",8:44 pm,11 - 10,OT,2577946,http://www.pointstreak.com/gamelive/?gameid=2577946,http://nll_stats.stats.pointstreak.com/boxscore.html?gameid=2577946,"",
230,13554,2011,4,529730,Washington,http://nll_stats.stats.pointstreak.com/teamplayerstats.html?teamid=529730&seasonid=13554,11,25953,Colorado,http://nll_stats.stats.pointstreak.com/teamplayerstats.html?teamid=25953&seasonid=13554,10,"Sat, Jan 08",9:13 pm,11 - 10,OT,2577945,http://www.pointstreak.com/gamelive/?gameid=2577945,http://nll_stats.stats.pointstreak.com/boxscore.html?gameid=2577945,"",
230,13554,2011,5,25955,Buffalo,http://nll_stats.stats.pointstreak.com/teamplayerstats.html?teamid=25955&seasonid=13554,9,25952,Calgary,http://nll_stats.stats.pointstreak.com/teamplayerstats.html?teamid=25952&seasonid=13554,10,"Sat, Jan 08",9:48 pm,9 - 10,,2577944,http://www.pointstreak.com/gamelive/?gameid=2577944,http://nll_stats.stats.pointstreak.com/boxscore.html?gameid=2577944,"",
230,13554,2011,6,25952,Calgary,http://nll_stats.stats.pointstreak.com/teamplayerstats.html?teamid=25952&seasonid=13554,13,529730,Washington,http://nll_stats.stats.pointstreak.com/teamplayerstats.html?teamid=529730&seasonid=13554,11,"Sun, Jan 09",9:00 pm,13 - 11,,2577949,http://nll_stats.stats.pointstreak.com/boxscore.html?gameid=2577949,,"",
230,13554,2011,7,25956,Minnesota,http://nll_stats.stats.pointstreak.com/teamplayerstats.html?teamid=25956&seasonid=13554,16,529730,Washington,http://nll_stats.stats.pointstreak.com/teamplayerstats.html?teamid=529730&seasonid=13554,8,"Fri, Jan 14",11:00 pm,16 - 8,,2577950,http://nll_stats.stats.pointstreak.com/boxscore.html?gameid=2577950,,"",
230,13554,2011,8,38725,Edmonton,http://nll_stats.stats.pointstreak.com/teamplayerstats.html?teamid=38725&seasonid=13554,7,142808,Boston,http://nll_stats.stats.pointstreak.com/teamplayerstats.html?teamid=142808&seasonid=13554,10,"Sat, Jan 15",7:43 pm,7 - 10,,2577951,http://nll_stats.stats.pointstreak.com/boxscore.html?gameid=2577951,,"",
230,13554,2011,9,25955,Buffalo,http://nll_stats.stats.pointstreak.com/teamplayerstats.html?teamid=25955&seasonid=13554,9,25957,Philadelphia,http://nll_stats.stats.pointstreak.com/teamplayerstats.html?teamid=25957&seasonid=13554,6,"Sat, Jan 15",7:36 pm,9 - 6,,2577953,http://nll_stats.stats.pointstreak.com/boxscore.html?gameid=2577953,,"",
230,13554,2011,10,25959,Toronto,http://nll_stats.stats.pointstreak.com/teamplayerstats.html?teamid=25959&seasonid=13554,12,25958,Rochester,http://nll_stats.stats.pointstreak.com/teamplayerstats.html?teamid=25958&seasonid=13554,9,"Sat, Jan 15",7:40 pm,12 - 9,,2577954,http://nll_stats.stats.pointstreak.com/boxscore.html?gameid=2577954,,"",
230,13554,2011,11,25953,Colorado,http://nll_stats.stats.pointstreak.com/teamplayerstats.html?teamid=25953&seasonid=13554,8,25952,Calgary,http://nll_stats.stats.pointstreak.com/teamplayerstats.html?teamid=25952&seasonid=13554,7,"Sat, Jan 15",9:41 pm,8 - 7,,2577952,http://nll_stats.stats.pointstreak.com/boxscore.html?gameid=2577952,,"",
230,13554,2011,12,142808,Boston,http://nll_stats.stats.pointstreak.com/teamplayerstats.html?teamid=142808&seasonid=13554,14,25959,Toronto,http://nll_stats.stats.pointstreak.com/teamplayerstats.html?teamid=25959&seasonid=13554,15,"Fri, Jan 21",7:35 pm,14 - 15,OT,2577955,http://nll_stats.stats.pointstreak.com/boxscore.html?gameid=2577955,,"",
230,13554,2011,13,25958,Rochester,http://nll_stats.stats.pointstreak.com/teamplayerstats.html?teamid=25958&seasonid=13554,11,142808,Boston,http://nll_stats.stats.pointstreak.com/teamplayerstats.html?teamid=142808&seasonid=13554,10,"Sat, Jan 22",7:35 pm,11 - 10,OT,2577956,http://nll_stats.stats.pointstreak.com/boxscore.html?gameid=2577956,,"",
230,13554,2011,14,25959,Toronto,http://nll_stats.stats.pointstreak.com/teamplayerstats.html?teamid=25959&seasonid=13554,14,25955,Buffalo,http://nll_stats.stats.pointstreak.com/teamplayerstats.html?teamid=25955&seasonid=13554,15,"Sat, Jan 22",7:30 pm,14 - 15,OT,2577957,http://nll_stats.stats.pointstreak.com/boxscore.html?gameid=2577957,,"",
230,13554,2011,15,38725,Edmonton,http://nll_stats.stats.pointstreak.com/teamplayerstats.html?teamid=38725&seasonid=13554,8,25956,Minnesota,http://nll_stats.stats.pointstreak.com/teamplayerstats.html?teamid=25956&seasonid=13554,9,"Sat, Jan 22",8:48 pm,8 - 9,,2577960,http://nll_stats.stats.pointstreak.com/boxscore.html?gameid=2577960,,"",
230,13554,2011,16,25957,Philadelphia,http://nll_stats.stats.pointstreak.com/teamplayerstats.html?teamid=25957&seasonid=13554,11,25953,Colorado,http://nll_stats.stats.pointstreak.com/teamplayerstats.html?teamid=25953&seasonid=13554,10,"Sat, Jan 22",9:13 pm,11 - 10,,2577959,http://nll_stats.stats.pointstreak.com/boxscore.html?gameid=2577959,,"",
230,13554,2011,17,529730,Washington,http://nll_stats.stats.pointstreak.com/teamplayerstats.html?teamid=529730&seasonid=13554,19,25952,Calgary,http://nll_stats.stats.pointstreak.com/teamplayerstats.html?teamid=25952&seasonid=13554,14,"Sat, Jan 22",9:41 pm,19 - 14,,2577958,http://nll_stats.stats.pointstreak.com/boxscore.html?gameid=2577958,,"",
230,13554,2011,18,25957,Philadelphia,http://nll_stats.stats.pointstreak.com/teamplayerstats.html?teamid=25957&seasonid=13554,11,142808,Boston,http://nll_stats.stats.pointstreak.com/teamplayerstats.html?teamid=142808&seasonid=13554,5,"Fri, Jan 28",7:40 pm,11 - 5,,2577961,http://nll_stats.stats.pointstreak.com/boxscore.html?gameid=2577961,,"",
230,13554,2011,19,25952,Calgary,http://nll_stats.stats.pointstreak.com/teamplayerstats.html?teamid=25952&seasonid=13554,15,38725,Edmonton,http://nll_stats.stats.pointstreak.com/teamplayerstats.html?teamid=38725&seasonid=13554,11,"Fri, Jan 28",9:14 pm,15 - 11,,2577962,http://nll_stats.stats.pointstreak.com/boxscore.html?gameid=2577962,,"",
230,13554,2011,20,25953,Colorado,http://nll_stats.stats.pointstreak.com/teamplayerstats.html?teamid=25953&seasonid=13554,11,25957,Philadelphia,http://nll_stats.stats.pointstreak.com/teamplayerstats.html?teamid=25957&seasonid=13554,12,"Sat, Jan 29",7:06 pm,11 - 12,,2577965,http://www.pointstreak.com/gamelive/?gameid=2577965,http://nll_stats.stats.pointstreak.com/boxscore.html?gameid=2577965,"",
230,13554,2011,21,25955,Buffalo,http://nll_stats.stats.pointstreak.com/teamplayerstats.html?teamid=25955&seasonid=13554,5,25959,Toronto,http://nll_stats.stats.pointstreak.com/teamplayerstats.html?teamid=25959&seasonid=13554,8,"Sat, Jan 29",7:08 pm,5 - 8,,2577967,http://www.pointstreak.com/gamelive/?gameid=2577967,http://nll_stats.stats.pointstreak.com/boxscore.html?gameid=2577967,"",
230,13554,2011,22,142808,Boston,http://nll_stats.stats.pointstreak.com/teamplayerstats.html?teamid=142808&seasonid=13554,16,25958,Rochester,http://nll_stats.stats.pointstreak.com/teamplayerstats.html?teamid=25958&seasonid=13554,7,"Sat, Jan 29",7:40 pm,16 - 7,,2577966,http://www.pointstreak.com/gamelive/?gameid=2577966,http://nll_stats.stats.pointstreak.com/boxscore.html?gameid=2577966,"",
230,13554,2011,23,529730,Washington,http://nll_stats.stats.pointstreak.com/teamplayerstats.html?teamid=529730&seasonid=13554,10,25956,Minnesota,http://nll_stats.stats.pointstreak.com/teamplayerstats.html?teamid=25956&seasonid=13554,11,"Sat, Jan 29",8:43 pm,10 - 11,OT,2577964,http://www.pointstreak.com/gamelive/?gameid=2577964,http://nll_stats.stats.pointstreak.com/boxscore.html?gameid=2577964,"",
230,13554,2011,24,38725,Edmonton,http://nll_stats.stats.pointstreak.com/teamplayerstats.html?teamid=38725&seasonid=13554,11,25952,Calgary,http://nll_stats.stats.pointstreak.com/teamplayerstats.html?teamid=25952&seasonid=13554,12,"Sat, Jan 29",9:41 pm,11 - 12,OT,2577963,http://nll_stats.stats.pointstreak.com/boxscore.html?gameid=2577963,,"",
230,13554,2011,25,25956,Minnesota,http://nll_stats.stats.pointstreak.com/teamplayerstats.html?teamid=25956&seasonid=13554,12,25955,Buffalo,http://nll_stats.stats.pointstreak.com/teamplayerstats.html?teamid=25955&seasonid=13554,15,"Fri, Feb 04",7:30 pm,12 - 15,,2577968,http://www.pointstreak.com/gamelive/?gameid=2577968,http://nll_stats.stats.pointstreak.com/boxscore.html?gameid=2577968,"",
230,13554,2011,26,25957,Philadelphia,http://nll_stats.stats.pointstreak.com/teamplayerstats.html?teamid=25957&seasonid=13554,6,25958,Rochester,http://nll_stats.stats.pointstreak.com/teamplayerstats.html?teamid=25958&seasonid=13554,11,"Sat, Feb 05",2:06 pm,6 - 11,,2577971,http://nll_stats.stats.pointstreak.com/boxscore.html?gameid=2577971,,"",
230,13554,2011,27,25959,Toronto,http://nll_stats.stats.pointstreak.com/teamplayerstats.html?teamid=25959&seasonid=13554,7,142808,Boston,http://nll_stats.stats.pointstreak.com/teamplayerstats.html?teamid=142808&seasonid=13554,9,"Sat, Feb 05",7:35 pm,7 - 9,,2577969,http://www.pointstreak.com/gamelive/?gameid=2577969,http://nll_stats.stats.pointstreak.com/boxscore.html?gameid=2577969,"",
230,13554,2011,28,529730,Washington,http://nll_stats.stats.pointstreak.com/teamplayerstats.html?teamid=529730&seasonid=13554,10,25953,Colorado,http://nll_stats.stats.pointstreak.com/teamplayerstats.html?teamid=25953&seasonid=13554,8,"Sat, Feb 05",9:13 pm,10 - 8,,2577970,http://nll_stats.stats.pointstreak.com/boxscore.html?gameid=2577970,,"",
230,13554,2011,29,529730,Washington,http://nll_stats.stats.pointstreak.com/teamplayerstats.html?teamid=529730&seasonid=13554,12,38725,Edmonton,http://nll_stats.stats.pointstreak.com/teamplayerstats.html?teamid=38725&seasonid=13554,14,"Fri, Feb 11",9:12 pm,12 - 14,,2577972,http://nll_stats.stats.pointstreak.com/boxscore.html?gameid=2577972,,"",
230,13554,2011,30,25955,Buffalo,http://nll_stats.stats.pointstreak.com/teamplayerstats.html?teamid=25955&seasonid=13554,16,25957,Philadelphia,http://nll_stats.stats.pointstreak.com/teamplayerstats.html?teamid=25957&seasonid=13554,7,"Sat, Feb 12",7:09 pm,16 - 7,,2577974,http://nll_stats.stats.pointstreak.com/boxscore.html?gameid=2577974,,"",
230,13554,2011,31,25952,Calgary,http://nll_stats.stats.pointstreak.com/teamplayerstats.html?teamid=25952&seasonid=13554,8,25959,Toronto,http://nll_stats.stats.pointstreak.com/teamplayerstats.html?teamid=25959&seasonid=13554,9,"Sat, Feb 12",7:07 pm,8 - 9,OT,2577976,http://nll_stats.stats.pointstreak.com/boxscore.html?gameid=2577976,,"",
230,13554,2011,32,25953,Colorado,http://nll_stats.stats.pointstreak.com/teamplayerstats.html?teamid=25953&seasonid=13554,6,142808,Boston,http://nll_stats.stats.pointstreak.com/teamplayerstats.html?teamid=142808&seasonid=13554,11,"Sat, Feb 12",7:44 pm,6 - 11,,2577973,http://nll_stats.stats.pointstreak.com/boxscore.html?gameid=2577973,,"",
230,13554,2011,33,25956,Minnesota,http://nll_stats.stats.pointstreak.com/teamplayerstats.html?teamid=25956&seasonid=13554,10,25958,Rochester,http://nll_stats.stats.pointstreak.com/teamplayerstats.html?teamid=25958&seasonid=13554,12,"Sat, Feb 12",7:38 pm,10 - 12,,2577975,http://nll_stats.stats.pointstreak.com/boxscore.html?gameid=2577975,,"",
230,13554,2011,34,38725,Edmonton,http://nll_stats.stats.pointstreak.com/teamplayerstats.html?teamid=38725&seasonid=13554,15,529730,Washington,http://nll_stats.stats.pointstreak.com/teamplayerstats.html?teamid=529730&seasonid=13554,14,"Sat, Feb 12",10:30 pm,15 - 14,,2577977,http://nll_stats.stats.pointstreak.com/boxscore.html?gameid=2577977,,"",
230,13554,2011,35,25958,Rochester,http://nll_stats.stats.pointstreak.com/teamplayerstats.html?teamid=25958&seasonid=13554,5,25959,Toronto,http://nll_stats.stats.pointstreak.com/teamplayerstats.html?teamid=25959&seasonid=13554,10,"Fri, Feb 18",7:38 pm,5 - 10,,2577982,http://nll_stats.stats.pointstreak.com/boxscore.html?gameid=2577982,,"",
230,13554,2011,36,25953,Colorado,http://nll_stats.stats.pointstreak.com/teamplayerstats.html?teamid=25953&seasonid=13554,7,529730,Washington,http://nll_stats.stats.pointstreak.com/teamplayerstats.html?teamid=529730&seasonid=13554,20,"Fri, Feb 18",11:10 pm,7 - 20,,2577979,http://nll_stats.stats.pointstreak.com/boxscore.html?gameid=2577979,,"",
230,13554,2011,37,25957,Philadelphia,http://nll_stats.stats.pointstreak.com/teamplayerstats.html?teamid=25957&seasonid=13554,10,25955,Buffalo,http://nll_stats.stats.pointstreak.com/teamplayerstats.html?teamid=25955&seasonid=13554,9,"Sat, Feb 19",7:30 pm,10 - 9,,2577980,http://nll_stats.stats.pointstreak.com/boxscore.html?gameid=2577980,,"",
230,13554,2011,38,25959,Toronto,http://nll_stats.stats.pointstreak.com/teamplayerstats.html?teamid=25959&seasonid=13554,13,25958,Rochester,http://nll_stats.stats.pointstreak.com/teamplayerstats.html?teamid=25958&seasonid=13554,6,"Sat, Feb 19",7:55 pm,13 - 6,,2577978,http://www.pointstreak.com/gamelive/?gameid=2577978,http://nll_stats.stats.pointstreak.com/boxscore.html?gameid=2577978,"",
230,13554,2011,39,142808,Boston,http://nll_stats.stats.pointstreak.com/teamplayerstats.html?teamid=142808&seasonid=13554,14,25956,Minnesota,http://nll_stats.stats.pointstreak.com/teamplayerstats.html?teamid=25956&seasonid=13554,11,"Sat, Feb 19",8:52 pm,14 - 11,,2577981,http://www.pointstreak.com/gamelive/?gameid=2577981,http://nll_stats.stats.pointstreak.com/boxscore.html?gameid=2577981,"",
230,13554,2011,40,25952,Calgary,http://nll_stats.stats.pointstreak.com/teamplayerstats.html?teamid=25952&seasonid=13554,12,38725,Edmonton,http://nll_stats.stats.pointstreak.com/teamplayerstats.html?teamid=38725&seasonid=13554,11,"Sun, Feb 20",4:15 pm,12 - 11,,2577984,http://www.pointstreak.com/gamelive/?gameid=2577984,http://nll_stats.stats.pointstreak.com/boxscore.html?gameid=2577984,"",
230,13554,2011,41,25956,Minnesota,http://nll_stats.stats.pointstreak.com/teamplayerstats.html?teamid=25956&seasonid=13554,12,25953,Colorado,http://nll_stats.stats.pointstreak.com/teamplayerstats.html?teamid=25953&seasonid=13554,10,"Sun, Feb 20",8:12 pm,12 - 10,,2577983,http://www.pointstreak.com/gamelive/?gameid=2577983,http://nll_stats.stats.pointstreak.com/boxscore.html?gameid=2577983,"",
230,13554,2011,42,25959,Toronto,http://nll_stats.stats.pointstreak.com/teamplayerstats.html?teamid=25959&seasonid=13554,16,25957,Philadelphia,http://nll_stats.stats.pointstreak.com/teamplayerstats.html?teamid=25957&seasonid=13554,13,"Sat, Feb 26",8:08 pm,16 - 13,,2577985,http://nll_stats.stats.pointstreak.com/boxscore.html?gameid=2577985,,"",
230,13554,2011,43,38725,Edmonton,http://nll_stats.stats.pointstreak.com/teamplayerstats.html?teamid=38725&seasonid=13554,9,25958,Rochester,http://nll_stats.stats.pointstreak.com/teamplayerstats.html?teamid=25958&seasonid=13554,13,"Sat, Feb 26",7:37 pm,9 - 13,,2577986,http://nll_stats.stats.pointstreak.com/boxscore.html?gameid=2577986,,"",
230,13554,2011,44,25957,Philadelphia,http://nll_stats.stats.pointstreak.com/teamplayerstats.html?teamid=25957&seasonid=13554,10,25959,Toronto,http://nll_stats.stats.pointstreak.com/teamplayerstats.html?teamid=25959&seasonid=13554,15,"Fri, Mar 04",7:38 pm,10 - 15,,2577988,http://nll_stats.stats.pointstreak.com/boxscore.html?gameid=2577988,,"",
230,13554,2011,45,25956,Minnesota,http://nll_stats.stats.pointstreak.com/teamplayerstats.html?teamid=25956&seasonid=13554,11,25953,Colorado,http://nll_stats.stats.pointstreak.com/teamplayerstats.html?teamid=25953&seasonid=13554,10,"Fri, Mar 04",9:15 pm,11 - 10,OT,2577987,http://www.pointstreak.com/gamelive/?gameid=2577987,http://nll_stats.stats.pointstreak.com/boxscore.html?gameid=2577987,"",
230,13554,2011,46,25952,Calgary,http://nll_stats.stats.pointstreak.com/teamplayerstats.html?teamid=25952&seasonid=13554,13,25957,Philadelphia,http://nll_stats.stats.pointstreak.com/teamplayerstats.html?teamid=25957&seasonid=13554,7,"Sat, Mar 05",7:12 pm,13 - 7,,2577991,http://nll_stats.stats.pointstreak.com/boxscore.html?gameid=2577991,,"",
230,13554,2011,47,25958,Rochester,http://nll_stats.stats.pointstreak.com/teamplayerstats.html?teamid=25958&seasonid=13554,8,25955,Buffalo,http://nll_stats.stats.pointstreak.com/teamplayerstats.html?teamid=25955&seasonid=13554,11,"Sat, Mar 05",7:30 pm,8 - 11,,2577989,http://nll_stats.stats.pointstreak.com/boxscore.html?gameid=2577989,,"",
230,13554,2011,48,529730,Washington,http://nll_stats.stats.pointstreak.com/teamplayerstats.html?teamid=529730&seasonid=13554,18,38725,Edmonton,http://nll_stats.stats.pointstreak.com/teamplayerstats.html?teamid=38725&seasonid=13554,10,"Sat, Mar 05",9:15 pm,18 - 10,,2577990,http://nll_stats.stats.pointstreak.com/boxscore.html?gameid=2577990,,"",
230,13554,2011,49,25955,Buffalo,http://nll_stats.stats.pointstreak.com/teamplayerstats.html?teamid=25955&seasonid=13554,9,142808,Boston,http://nll_stats.stats.pointstreak.com/teamplayerstats.html?teamid=142808&seasonid=13554,8,"Sun, Mar 06",5:10 pm,9 - 8,,2577992,http://nll_stats.stats.pointstreak.com/boxscore.html?gameid=2577992,,"",
230,13554,2011,50,142808,Boston,http://nll_stats.stats.pointstreak.com/teamplayerstats.html?teamid=142808&seasonid=13554,10,25955,Buffalo,http://nll_stats.stats.pointstreak.com/teamplayerstats.html?teamid=25955&seasonid=13554,12,"Sat, Mar 12",7:30 pm,10 - 12,,2577993,http://nll_stats.stats.pointstreak.com/boxscore.html?gameid=2577993,,"",
230,13554,2011,51,25952,Calgary,http://nll_stats.stats.pointstreak.com/teamplayerstats.html?teamid=25952&seasonid=13554,17,529730,Washington,http://nll_stats.stats.pointstreak.com/teamplayerstats.html?teamid=529730&seasonid=13554,13,"Sun, Mar 13",8:00 pm,17 - 13,,2577994,http://nll_stats.stats.pointstreak.com/boxscore.html?gameid=2577994,,"",
230,13554,2011,52,38725,Edmonton,http://nll_stats.stats.pointstreak.com/teamplayerstats.html?teamid=38725&seasonid=13554,14,25952,Calgary,http://nll_stats.stats.pointstreak.com/teamplayerstats.html?teamid=25952&seasonid=13554,19,"Sat, Mar 19",9:40 pm,14 - 19,,2577995,http://nll_stats.stats.pointstreak.com/boxscore.html?gameid=2577995,,"",
230,13554,2011,53,25956,Minnesota,http://nll_stats.stats.pointstreak.com/teamplayerstats.html?teamid=25956&seasonid=13554,13,38725,Edmonton,http://nll_stats.stats.pointstreak.com/teamplayerstats.html?teamid=38725&seasonid=13554,14,"Fri, Mar 25",9:10 pm,13 - 14,,2577997,http://www.pointstreak.com/gamelive/?gameid=2577997,http://nll_stats.stats.pointstreak.com/boxscore.html?gameid=2577997,"",
230,13554,2011,54,25959,Toronto,http://nll_stats.stats.pointstreak.com/teamplayerstats.html?teamid=25959&seasonid=13554,9,25952,Calgary,http://nll_stats.stats.pointstreak.com/teamplayerstats.html?teamid=25952&seasonid=13554,14,"Fri, Mar 25",9:42 pm,9 - 14,,2577996,http://nll_stats.stats.pointstreak.com/boxscore.html?gameid=2577996,,"",
230,13554,2011,55,142808,Boston,http://nll_stats.stats.pointstreak.com/teamplayerstats.html?teamid=142808&seasonid=13554,8,529730,Washington,http://nll_stats.stats.pointstreak.com/teamplayerstats.html?teamid=529730&seasonid=13554,9,"Fri, Mar 25",11:00 pm,8 - 9,,2577998,http://www.pointstreak.com/gamelive/?gameid=2577998,http://nll_stats.stats.pointstreak.com/boxscore.html?gameid=2577998,"",
230,13554,2011,56,25957,Philadelphia,http://nll_stats.stats.pointstreak.com/teamplayerstats.html?teamid=25957&seasonid=13554,10,25958,Rochester,http://nll_stats.stats.pointstreak.com/teamplayerstats.html?teamid=25958&seasonid=13554,13,"Sat, Mar 26",7:36 pm,10 - 13,,2578000,http://nll_stats.stats.pointstreak.com/boxscore.html?gameid=2578000,,"",
230,13554,2011,57,142808,Boston,http://nll_stats.stats.pointstreak.com/teamplayerstats.html?teamid=142808&seasonid=13554,8,25953,Colorado,http://nll_stats.stats.pointstreak.com/teamplayerstats.html?teamid=25953&seasonid=13554,9,"Sat, Mar 26",9:12 pm,8 - 9,OT,2577999,http://www.pointstreak.com/gamelive/?gameid=2577999,http://nll_stats.stats.pointstreak.com/boxscore.html?gameid=2577999,"",
230,13554,2011,58,25955,Buffalo,http://nll_stats.stats.pointstreak.com/teamplayerstats.html?teamid=25955&seasonid=13554,12,25956,Minnesota,http://nll_stats.stats.pointstreak.com/teamplayerstats.html?teamid=25956&seasonid=13554,9,"Sun, Mar 27",2:08 pm,12 - 9,,2578001,http://nll_stats.stats.pointstreak.com/boxscore.html?gameid=2578001,,"",
230,13554,2011,59,529730,Washington,http://nll_stats.stats.pointstreak.com/teamplayerstats.html?teamid=529730&seasonid=13554,12,25959,Toronto,http://nll_stats.stats.pointstreak.com/teamplayerstats.html?teamid=25959&seasonid=13554,13,"Fri, Apr 01",7:38 pm,12 - 13,OT,2578004,http://nll_stats.stats.pointstreak.com/boxscore.html?gameid=2578004,,"",
230,13554,2011,60,25953,Colorado,http://nll_stats.stats.pointstreak.com/teamplayerstats.html?teamid=25953&seasonid=13554,10,38725,Edmonton,http://nll_stats.stats.pointstreak.com/teamplayerstats.html?teamid=38725&seasonid=13554,14,"Fri, Apr 01",9:11 pm,10 - 14,,2578003,http://nll_stats.stats.pointstreak.com/boxscore.html?gameid=2578003,,"",
230,13554,2011,61,25956,Minnesota,http://nll_stats.stats.pointstreak.com/teamplayerstats.html?teamid=25956&seasonid=13554,12,25952,Calgary,http://nll_stats.stats.pointstreak.com/teamplayerstats.html?teamid=25952&seasonid=13554,15,"Fri, Apr 01",9:42 pm,12 - 15,,2578002,http://nll_stats.stats.pointstreak.com/boxscore.html?gameid=2578002,,"",
230,13554,2011,62,25959,Toronto,http://nll_stats.stats.pointstreak.com/teamplayerstats.html?teamid=25959&seasonid=13554,11,25957,Philadelphia,http://nll_stats.stats.pointstreak.com/teamplayerstats.html?teamid=25957&seasonid=13554,12,"Sat, Apr 02",7:10 pm,11 - 12,,2578009,http://www.pointstreak.com/gamelive/?gameid=2578009,http://nll_stats.stats.pointstreak.com/boxscore.html?gameid=2578009,"",
230,13554,2011,63,25958,Rochester,http://nll_stats.stats.pointstreak.com/teamplayerstats.html?teamid=25958&seasonid=13554,19,142808,Boston,http://nll_stats.stats.pointstreak.com/teamplayerstats.html?teamid=142808&seasonid=13554,8,"Sat, Apr 02",7:35 pm,19 - 8,,2578005,http://www.pointstreak.com/gamelive/?gameid=2578005,http://nll_stats.stats.pointstreak.com/boxscore.html?gameid=2578005,"",
230,13554,2011,64,529730,Washington,http://nll_stats.stats.pointstreak.com/teamplayerstats.html?teamid=529730&seasonid=13554,10,25955,Buffalo,http://nll_stats.stats.pointstreak.com/teamplayerstats.html?teamid=25955&seasonid=13554,9,"Sat, Apr 02",7:30 pm,10 - 9,OT,2578006,http://www.pointstreak.com/gamelive/?gameid=2578006,http://nll_stats.stats.pointstreak.com/boxscore.html?gameid=2578006,"",
230,13554,2011,65,25952,Calgary,http://nll_stats.stats.pointstreak.com/teamplayerstats.html?teamid=25952&seasonid=13554,8,25956,Minnesota,http://nll_stats.stats.pointstreak.com/teamplayerstats.html?teamid=25956&seasonid=13554,13,"Sat, Apr 02",7:09 pm,8 - 13,,2578008,http://nll_stats.stats.pointstreak.com/boxscore.html?gameid=2578008,,"",
230,13554,2011,66,38725,Edmonton,http://nll_stats.stats.pointstreak.com/teamplayerstats.html?teamid=38725&seasonid=13554,6,25953,Colorado,http://nll_stats.stats.pointstreak.com/teamplayerstats.html?teamid=25953&seasonid=13554,7,"Sat, Apr 02",9:14 pm,6 - 7,,2578007,http://nll_stats.stats.pointstreak.com/boxscore.html?gameid=2578007,,"",
230,13554,2011,67,25955,Buffalo,http://nll_stats.stats.pointstreak.com/teamplayerstats.html?teamid=25955&seasonid=13554,11,25959,Toronto,http://nll_stats.stats.pointstreak.com/teamplayerstats.html?teamid=25959&seasonid=13554,8,"Fri, Apr 08",7:52 pm,11 - 8,,2578011,http://nll_stats.stats.pointstreak.com/boxscore.html?gameid=2578011,,"",
230,13554,2011,68,25953,Colorado,http://nll_stats.stats.pointstreak.com/teamplayerstats.html?teamid=25953&seasonid=13554,13,25952,Calgary,http://nll_stats.stats.pointstreak.com/teamplayerstats.html?teamid=25952&seasonid=13554,14,"Fri, Apr 08",9:40 pm,13 - 14,,2578010,http://nll_stats.stats.pointstreak.com/boxscore.html?gameid=2578010,,"",
230,13554,2011,69,25957,Philadelphia,http://nll_stats.stats.pointstreak.com/teamplayerstats.html?teamid=25957&seasonid=13554,7,142808,Boston,http://nll_stats.stats.pointstreak.com/teamplayerstats.html?teamid=142808&seasonid=13554,9,"Sat, Apr 09",7:35 pm,7 - 9,,2578012,http://nll_stats.stats.pointstreak.com/boxscore.html?gameid=2578012,,"",
230,13554,2011,70,25955,Buffalo,http://nll_stats.stats.pointstreak.com/teamplayerstats.html?teamid=25955&seasonid=13554,9,25958,Rochester,http://nll_stats.stats.pointstreak.com/teamplayerstats.html?teamid=25958&seasonid=13554,8,"Sat, Apr 09",7:46 pm,9 - 8,,2578014,http://www.pointstreak.com/gamelive/?gameid=2578014,http://nll_stats.stats.pointstreak.com/boxscore.html?gameid=2578014,"",
230,13554,2011,71,25953,Colorado,http://nll_stats.stats.pointstreak.com/teamplayerstats.html?teamid=25953&seasonid=13554,13,38725,Edmonton,http://nll_stats.stats.pointstreak.com/teamplayerstats.html?teamid=38725&seasonid=13554,6,"Sat, Apr 09",9:05 pm,13 - 6,,2578013,http://nll_stats.stats.pointstreak.com/boxscore.html?gameid=2578013,,"",
230,13554,2011,72,25956,Minnesota,http://nll_stats.stats.pointstreak.com/teamplayerstats.html?teamid=25956&seasonid=13554,15,529730,Washington,http://nll_stats.stats.pointstreak.com/teamplayerstats.html?teamid=529730&seasonid=13554,16,"Sat, Apr 09",10:30 pm,15 - 16,OT,2578015,http://nll_stats.stats.pointstreak.com/boxscore.html?gameid=2578015,,"",
230,13554,2011,73,25958,Rochester,http://nll_stats.stats.pointstreak.com/teamplayerstats.html?teamid=25958&seasonid=13554,10,25957,Philadelphia,http://nll_stats.stats.pointstreak.com/teamplayerstats.html?teamid=25957&seasonid=13554,6,"Sun, Apr 10",2:41 pm,10 - 6,,2578016,http://www.pointstreak.com/gamelive/?gameid=2578016,http://nll_stats.stats.pointstreak.com/boxscore.html?gameid=2578016,"",
230,13554,2011,74,25952,Calgary,http://nll_stats.stats.pointstreak.com/teamplayerstats.html?teamid=25952&seasonid=13554,7,25953,Colorado,http://nll_stats.stats.pointstreak.com/teamplayerstats.html?teamid=25953&seasonid=13554,11,"Fri, Apr 15",9:14 pm,7 - 11,,2578017,http://www.pointstreak.com/gamelive/?gameid=2578017,http://nll_stats.stats.pointstreak.com/boxscore.html?gameid=2578017,"",
230,13554,2011,75,142808,Boston,http://nll_stats.stats.pointstreak.com/teamplayerstats.html?teamid=142808&seasonid=13554,16,25955,Buffalo,http://nll_stats.stats.pointstreak.com/teamplayerstats.html?teamid=25955&seasonid=13554,9,"Sat, Apr 16",7:30 pm,16 - 9,,2578018,http://nll_stats.stats.pointstreak.com/boxscore.html?gameid=2578018,,"",
230,13554,2011,76,25957,Philadelphia,http://nll_stats.stats.pointstreak.com/teamplayerstats.html?teamid=25957&seasonid=13554,9,25956,Minnesota,http://nll_stats.stats.pointstreak.com/teamplayerstats.html?teamid=25956&seasonid=13554,11,"Sat, Apr 16",8:42 pm,9 - 11,,2578020,http://nll_stats.stats.pointstreak.com/boxscore.html?gameid=2578020,,"",
230,13554,2011,77,25959,Toronto,http://nll_stats.stats.pointstreak.com/teamplayerstats.html?teamid=25959&seasonid=13554,14,38725,Edmonton,http://nll_stats.stats.pointstreak.com/teamplayerstats.html?teamid=38725&seasonid=13554,18,"Sat, Apr 16",9:10 pm,14 - 18,,2578019,http://nll_stats.stats.pointstreak.com/boxscore.html?gameid=2578019,,"",
230,13554,2011,78,25958,Rochester,http://nll_stats.stats.pointstreak.com/teamplayerstats.html?teamid=25958&seasonid=13554,18,529730,Washington,http://nll_stats.stats.pointstreak.com/teamplayerstats.html?teamid=529730&seasonid=13554,10,"Sat, Apr 16",10:30 pm,18 - 10,,2578021,http://nll_stats.stats.pointstreak.com/boxscore.html?gameid=2578021,,"",
230,13554,2011,79,25958,Rochester,http://nll_stats.stats.pointstreak.com/teamplayerstats.html?teamid=25958&seasonid=13554,15,25955,Buffalo,http://nll_stats.stats.pointstreak.com/teamplayerstats.html?teamid=25955&seasonid=13554,9,"Sat, Apr 23",7:30 pm,15 - 9,,2578022,http://nll_stats.stats.pointstreak.com/boxscore.html?gameid=2578022,,"",
230,13554,2011,80,25953,Colorado,http://nll_stats.stats.pointstreak.com/teamplayerstats.html?teamid=25953&seasonid=13554,8,25956,Minnesota,http://nll_stats.stats.pointstreak.com/teamplayerstats.html?teamid=25956&seasonid=13554,12,"Sat, Apr 23",8:42 pm,8 - 12,,2578023,http://www.pointstreak.com/gamelive/?gameid=2578023,http://nll_stats.stats.pointstreak.com/boxscore.html?gameid=2578023,"",
